,max_temp,min_temp,apparent_temperature_max,apparent_temperature_min,wind_speed,weather_code,precipitation_sum,rain_sum,showers_sum,snowfall_sum,precipitation_probability_mean,Date,Stadium
0,28.4,21.5,31.7,23.0,13.8,53,0.6,0.6,0.0,0.0,,23/08/2014,Juegos Mediterráneos
1,29.7,15.8,29.4,14.6,12.7,0,0.0,0.0,0.0,0.0,,23/08/2014,Nuevo Los Cármenes
2,30.4,22.6,32.7,22.4,16.8,1,0.0,0.0,0.0,0.0,,23/08/2014,La Rosaleda
3,34.1,20.9,34.4,20.0,13.5,3,0.0,0.0,0.0,0.0,,23/08/2014,Ramón Sánchez Pizjuán
4,23.7,18.9,25.3,20.3,16.5,51,1.5,1.5,0.0,0.0,,24/08/2014,Camp Nou
5,21.1,14.3,22.4,14.5,14.5,3,0.0,0.0,0.0,0.0,,24/08/2014,Balaídos
6,22.5,13.3,23.8,12.9,15.1,3,0.0,0.0,0.0,0.0,,24/08/2014,Ipurua
7,29.8,22.0,31.8,24.7,22.9,51,0.2,0.2,0.0,0.0,,24/08/2014,Ciutat de València
8,32.7,16.2,30.0,14.9,15.5,0,0.0,0.0,0.0,0.0,,25/08/2014,Santiago Bernabéu
9,27.0,19.4,29.5,22.3,15.0,51,0.1,0.1,0.0,0.0,,25/08/2014,Vallecas
10,22.0,17.3,22.4,18.0,12.8,3,0.0,0.0,0.0,0.0,,29/08/2014,Coliseum Alfonso Pérez
11,30.4,22.7,33.1,27.1,18.2,51,0.3,0.3,0.0,0.0,,29/08/2014,Mestalla
12,20.3,16.5,19.9,16.9,14.7,51,0.1,0.1,0.0,0.0,,30/08/2014,San Mamés
13,30.8,20.0,31.1,20.2,12.0,3,0.0,0.0,0.0,0.0,,30/08/2014,Vicente Calderón
14,36.1,23.8,35.2,24.3,15.9,3,0.0,0.0,0.0,0.0,,30/08/2014,El Arcángel
15,23.0,17.2,24.7,18.9,7.8,63,7.0,7.0,0.0,0.0,,30/08/2014,Power8 Stadium
16,33.3,20.3,34.0,20.7,12.6,1,0.0,0.0,0.0,0.0,,31/08/2014,Martínez Valero
17,28.2,13.2,31.1,13.1,12.2,1,0.0,0.0,0.0,0.0,,31/08/2014,Riazor
18,35.1,21.1,36.6,22.3,12.0,3,0.0,0.0,0.0,0.0,,31/08/2014,Anoeta
19,27.4,20.8,29.8,23.6,15.3,53,1.9,1.9,0.0,0.0,,31/08/2014,El Madrigal
20,27.7,21.3,29.5,22.7,15.7,0,0.0,0.0,0.0,0.0,,12/09/2014,Juegos Mediterráneos
21,25.6,19.4,27.5,21.8,15.3,3,0.0,0.0,0.0,0.0,,13/09/2014,Camp Nou
22,22.4,18.3,24.1,19.5,14.9,61,1.8,1.8,0.0,0.0,,13/09/2014,Balaídos
23,28.7,21.5,31.6,22.9,9.4,3,0.0,0.0,0.0,0.0,,13/09/2014,La Rosaleda
24,27.6,17.4,25.5,17.0,12.7,3,0.0,0.0,0.0,0.0,,13/09/2014,Santiago Bernabéu
25,27.5,15.1,26.1,14.4,14.1,3,0.0,0.0,0.0,0.0,,14/09/2014,Nuevo Los Cármenes
26,30.4,19.3,29.7,20.3,19.9,3,0.0,0.0,0.0,0.0,,14/09/2014,Ramón Sánchez Pizjuán
27,31.7,21.7,34.6,25.2,20.7,2,0.0,0.0,0.0,0.0,,14/09/2014,Mestalla
28,24.0,18.5,26.7,20.1,11.4,63,19.6,19.6,0.0,0.0,,14/09/2014,Vallecas
29,23.6,16.0,26.0,16.8,8.7,3,0.0,0.0,0.0,0.0,,15/09/2014,Ipurua
30,24.6,13.7,20.9,13.1,18.8,3,0.0,0.0,0.0,0.0,,19/09/2014,Martínez Valero
31,26.8,18.9,28.1,18.5,13.2,51,0.6,0.6,0.0,0.0,,20/09/2014,San Mamés
32,24.4,12.9,23.2,12.9,10.5,3,0.0,0.0,0.0,0.0,,20/09/2014,Vicente Calderón
33,24.9,12.9,24.7,12.0,9.5,3,0.0,0.0,0.0,0.0,,20/09/2014,Power8 Stadium
34,21.3,15.4,20.7,13.8,24.1,3,0.0,0.0,0.0,0.0,,20/09/2014,Riazor
35,28.2,19.2,29.0,20.7,14.9,61,4.5,4.5,0.0,0.0,,21/09/2014,El Arcángel
36,29.8,22.3,31.8,26.2,12.5,3,0.0,0.0,0.0,0.0,,21/09/2014,Ciutat de València
37,26.2,18.7,28.4,20.8,13.0,63,10.7,10.7,0.0,0.0,,21/09/2014,Anoeta
38,27.7,21.2,29.7,24.4,14.8,51,0.1,0.1,0.0,0.0,,21/09/2014,El Madrigal
39,20.3,18.0,21.4,18.9,21.3,61,12.0,12.0,0.0,0.0,,22/09/2014,Coliseum Alfonso Pérez
40,22.6,16.4,24.2,16.3,18.3,61,2.6,2.6,0.0,0.0,,23/09/2014,Balaídos
41,21.8,12.3,19.7,11.8,12.2,3,0.0,0.0,0.0,0.0,,23/09/2014,Santiago Bernabéu
42,23.7,19.1,24.4,20.0,15.6,2,0.0,0.0,0.0,0.0,,24/09/2014,Juegos Mediterráneos
43,17.8,13.9,15.8,12.4,17.0,51,1.6,1.6,0.0,0.0,,24/09/2014,Ipurua
44,21.2,12.4,19.6,12.3,12.4,51,0.3,0.3,0.0,0.0,,24/09/2014,Nuevo Los Cármenes
45,24.9,16.9,25.5,18.5,11.2,1,0.0,0.0,0.0,0.0,,24/09/2014,La Rosaleda
46,24.6,16.6,26.2,18.2,10.7,61,3.3,3.3,0.0,0.0,,24/09/2014,Ramón Sánchez Pizjuán
47,21.6,15.0,21.2,15.7,12.6,51,1.6,1.6,0.0,0.0,,24/09/2014,Vallecas
48,18.8,9.5,18.1,8.9,11.0,51,1.0,1.0,0.0,0.0,,25/09/2014,Power8 Stadium
49,23.1,17.6,22.3,17.7,16.9,51,0.9,0.9,0.0,0.0,,25/09/2014,Mestalla
50,24.2,13.3,22.2,11.8,18.3,3,0.0,0.0,0.0,0.0,,26/09/2014,Martínez Valero
51,23.6,12.8,24.4,12.1,14.3,3,0.0,0.0,0.0,0.0,,27/09/2014,San Mamés
52,22.3,12.9,21.6,12.2,11.4,53,3.1,3.1,0.0,0.0,,27/09/2014,Vicente Calderón
53,23.1,14.5,23.9,14.7,10.4,51,0.1,0.1,0.0,0.0,,27/09/2014,Camp Nou
54,23.3,19.0,22.9,20.6,17.3,61,3.6,3.6,0.0,0.0,,27/09/2014,Ciutat de València
55,22.3,16.6,22.1,17.4,14.0,51,0.7,0.7,0.0,0.0,,27/09/2014,El Madrigal
56,24.7,18.2,25.2,20.1,8.1,63,8.9,8.9,0.0,0.0,,28/09/2014,El Arcángel
57,22.6,16.5,24.5,17.0,13.6,61,6.4,6.4,0.0,0.0,,28/09/2014,Coliseum Alfonso Pérez
58,21.1,11.8,21.3,11.5,13.0,53,2.0,2.0,0.0,0.0,,28/09/2014,Riazor
59,24.8,17.5,26.0,19.5,8.1,61,2.9,2.9,0.0,0.0,,28/09/2014,Anoeta
60,24.4,14.0,25.2,14.3,13.2,3,0.0,0.0,0.0,0.0,,03/10/2014,Coliseum Alfonso Pérez
61,23.4,19.7,25.8,21.2,10.0,53,1.1,1.1,0.0,0.0,,04/10/2014,Juegos Mediterráneos
62,20.0,12.4,19.6,12.1,24.5,53,3.3,3.3,0.0,0.0,,04/10/2014,Ipurua
63,24.2,18.0,26.6,19.7,8.7,3,0.0,0.0,0.0,0.0,,04/10/2014,La Rosaleda
64,25.4,16.9,27.9,18.4,14.0,3,0.0,0.0,0.0,0.0,,04/10/2014,Mestalla
65,23.3,14.2,23.2,14.9,10.8,51,0.1,0.1,0.0,0.0,,04/10/2014,Vallecas
66,19.7,13.8,18.9,12.0,17.4,3,0.0,0.0,0.0,0.0,,05/10/2014,Balaídos
67,16.9,11.7,16.9,11.3,10.5,63,24.1,24.1,0.0,0.0,,05/10/2014,Power8 Stadium
68,23.1,12.4,21.7,10.8,12.8,3,0.0,0.0,0.0,0.0,,05/10/2014,Santiago Bernabéu
69,28.8,16.1,28.7,16.5,12.4,3,0.0,0.0,0.0,0.0,,05/10/2014,Ramón Sánchez Pizjuán
70,25.0,8.7,23.4,7.0,9.3,3,0.0,0.0,0.0,0.0,,17/10/2014,Nuevo Los Cármenes
71,27.0,18.8,26.3,17.0,17.0,0,0.0,0.0,0.0,0.0,,18/10/2014,San Mamés
72,24.8,16.5,26.2,16.8,10.9,3,0.0,0.0,0.0,0.0,,18/10/2014,Camp Nou
73,30.2,14.1,31.1,13.6,8.8,1,0.0,0.0,0.0,0.0,,18/10/2014,El Arcángel
74,27.8,16.5,28.6,17.7,13.8,3,0.0,0.0,0.0,0.0,,18/10/2014,Ciutat de València
75,25.5,11.3,25.8,10.1,8.1,3,0.0,0.0,0.0,0.0,,19/10/2014,Vicente Calderón
76,28.2,15.6,25.7,13.9,19.2,3,0.0,0.0,0.0,0.0,,19/10/2014,Martínez Valero
77,23.4,13.7,25.7,13.9,13.0,51,0.3,0.3,0.0,0.0,,19/10/2014,Riazor
78,24.3,16.6,25.5,17.7,9.0,3,0.0,0.0,0.0,0.0,,19/10/2014,El Madrigal
79,30.3,19.5,31.4,17.3,12.7,3,0.0,0.0,0.0,0.0,,20/10/2014,Anoeta
80,24.3,16.1,25.7,17.4,12.0,3,0.0,0.0,0.0,0.0,,24/10/2014,Balaídos
81,24.7,15.4,23.1,14.5,14.8,3,0.0,0.0,0.0,0.0,,25/10/2014,Juegos Mediterráneos
82,28.6,13.5,28.1,12.3,10.8,3,0.0,0.0,0.0,0.0,,25/10/2014,El Arcángel
83,21.8,14.1,22.1,14.5,10.8,3,0.0,0.0,0.0,0.0,,25/10/2014,Ipurua
84,23.8,11.6,22.2,9.7,9.9,3,0.0,0.0,0.0,0.0,,25/10/2014,Santiago Bernabéu
85,29.1,15.2,27.0,14.8,12.9,3,0.0,0.0,0.0,0.0,,25/10/2014,Mestalla
86,19.5,7.9,19.1,6.7,7.4,3,0.0,0.0,0.0,0.0,,26/10/2014,Power8 Stadium
87,24.4,14.5,25.2,14.0,14.6,1,0.0,0.0,0.0,0.0,,26/10/2014,Coliseum Alfonso Pérez
88,24.4,16.4,23.3,16.4,7.0,3,0.0,0.0,0.0,0.0,,26/10/2014,La Rosaleda
89,26.6,15.1,26.2,14.0,9.5,3,0.0,0.0,0.0,0.0,,26/10/2014,Ramón Sánchez Pizjuán
90,20.9,14.4,19.0,12.5,22.1,53,1.6,1.6,0.0,0.0,,31/10/2014,Riazor
91,21.1,9.3,19.8,7.7,5.8,3,0.0,0.0,0.0,0.0,,01/11/2014,Vicente Calderón
92,20.1,14.2,20.6,14.6,8.6,3,0.0,0.0,0.0,0.0,,01/11/2014,Camp Nou
93,21.9,6.9,19.9,5.0,8.0,3,0.0,0.0,0.0,0.0,,01/11/2014,Nuevo Los Cármenes
94,26.2,14.1,25.6,13.1,10.9,3,0.0,0.0,0.0,0.0,,01/11/2014,Anoeta
95,19.7,12.8,20.2,12.9,8.4,53,2.0,2.0,0.0,0.0,,02/11/2014,San Mamés
96,22.0,9.7,19.2,7.9,13.4,3,0.0,0.0,0.0,0.0,,02/11/2014,Martínez Valero
97,23.8,15.8,23.2,16.9,18.3,3,0.0,0.0,0.0,0.0,,02/11/2014,Ciutat de València
98,21.2,14.7,20.4,15.6,17.2,3,0.0,0.0,0.0,0.0,,02/11/2014,El Madrigal
99,18.3,14.2,17.6,13.8,19.6,61,8.5,8.5,0.0,0.0,,03/11/2014,Vallecas
100,18.9,11.9,18.8,10.6,17.0,53,1.6,1.6,0.0,0.0,,07/11/2014,El Arcángel
101,19.3,15.5,18.4,14.6,18.9,3,0.0,0.0,0.0,0.0,,08/11/2014,Juegos Mediterráneos
102,14.5,11.2,11.6,8.4,31.6,63,25.5,25.5,0.0,0.0,,08/11/2014,Balaídos
103,17.7,9.4,14.4,6.8,21.6,55,3.2,3.2,0.0,0.0,,08/11/2014,Coliseum Alfonso Pérez
104,20.4,14.8,18.2,14.8,14.2,3,0.0,0.0,0.0,0.0,,08/11/2014,La Rosaleda
105,11.8,6.6,8.0,4.7,19.1,61,3.7,3.7,0.0,0.0,,08/11/2014,Santiago Bernabéu
106,11.2,3.5,9.4,1.2,7.9,3,0.0,0.0,0.0,0.0,,09/11/2014,Power8 Stadium
107,17.2,10.0,13.7,8.2,15.0,51,0.2,0.2,0.0,0.0,,09/11/2014,Ramón Sánchez Pizjuán
108,17.2,10.0,13.8,8.1,14.8,61,1.4,1.4,0.0,0.0,,09/11/2014,Anoeta
109,18.6,11.3,16.8,10.5,14.6,51,1.2,1.2,0.0,0.0,,09/11/2014,Mestalla
110,19.3,12.9,17.8,9.7,22.0,3,0.0,0.0,0.0,0.0,,21/11/2014,San Mamés
111,17.9,6.7,16.4,4.7,9.8,51,0.1,0.1,0.0,0.0,,22/11/2014,Vicente Calderón
112,19.0,12.6,20.0,11.9,10.6,3,0.0,0.0,0.0,0.0,,22/11/2014,Camp Nou
113,18.4,14.4,17.1,12.0,19.8,3,0.0,0.0,0.0,0.0,,22/11/2014,Ipurua
114,15.1,10.4,15.8,9.8,16.0,61,24.4,24.4,0.0,0.0,,22/11/2014,Riazor
115,18.6,12.4,15.5,9.0,26.0,3,0.0,0.0,0.0,0.0,,23/11/2014,Martínez Valero
116,19.7,14.9,19.4,14.4,12.2,3,0.0,0.0,0.0,0.0,,23/11/2014,Ciutat de València
117,19.3,12.7,18.2,11.2,15.9,53,0.6,0.6,0.0,0.0,,23/11/2014,Vallecas
118,19.4,12.3,18.6,11.0,15.9,3,0.0,0.0,0.0,0.0,,23/11/2014,El Madrigal
119,16.8,6.8,15.9,5.2,6.9,53,1.5,1.5,0.0,0.0,,24/11/2014,Nuevo Los Cármenes
120,15.3,11.6,13.5,8.8,33.4,63,28.2,28.2,0.0,0.0,,28/11/2014,Anoeta
121,15.6,7.6,12.9,4.5,22.2,3,0.0,0.0,0.0,0.0,,29/11/2014,Balaídos
122,12.7,10.7,11.6,9.3,22.2,63,39.7,39.7,0.0,0.0,,29/11/2014,Power8 Stadium
123,14.2,12.3,14.9,11.5,10.9,61,11.4,11.4,0.0,0.0,,29/11/2014,Coliseum Alfonso Pérez
124,16.3,10.5,15.1,9.7,8.4,53,1.5,1.5,0.0,0.0,,29/11/2014,La Rosaleda
125,13.8,6.7,11.6,5.1,13.3,53,2.5,2.5,0.0,0.0,,30/11/2014,Vicente Calderón
126,15.1,9.1,14.3,8.5,7.3,51,0.5,0.5,0.0,0.0,,30/11/2014,El Arcángel
127,16.3,8.4,15.4,7.0,7.2,51,0.6,0.6,0.0,0.0,,30/11/2014,Ramón Sánchez Pizjuán
128,16.0,13.7,14.5,12.7,28.1,63,56.8,56.8,0.0,0.0,,30/11/2014,Mestalla
129,18.0,12.8,17.6,11.7,10.8,51,0.9,0.9,0.0,0.0,,01/12/2014,Juegos Mediterráneos
130,8.8,6.7,5.4,2.9,19.7,61,21.3,21.3,0.0,0.0,,06/12/2014,San Mamés
131,8.4,1.6,3.0,-2.3,22.7,51,0.3,0.3,0.0,0.0,,06/12/2014,Martínez Valero
132,9.2,5.3,4.9,2.4,21.7,3,0.0,0.0,0.0,0.0,,06/12/2014,Riazor
133,8.3,0.2,3.5,-3.3,17.3,3,0.0,0.0,0.0,0.0,,06/12/2014,Santiago Bernabéu
134,11.9,5.2,9.5,3.3,8.6,51,0.9,0.9,0.0,0.0,,07/12/2014,Camp Nou
135,6.4,-0.9,2.2,-4.5,13.4,0,0.0,0.0,0.0,0.0,,07/12/2014,Nuevo Los Cármenes
136,8.9,1.2,3.9,-3.0,19.8,3,0.0,0.0,0.0,0.0,,07/12/2014,Vallecas
137,13.0,7.1,8.8,0.8,28.0,0,0.0,0.0,0.0,0.0,,07/12/2014,El Madrigal
138,11.1,7.8,7.5,3.1,30.6,61,19.0,19.0,0.0,0.0,,08/12/2014,Ipurua
139,16.0,6.9,13.6,3.4,20.2,2,0.0,0.0,0.0,0.0,,08/12/2014,Ciutat de València
140,15.8,9.9,13.9,7.7,11.3,3,0.0,0.0,0.0,0.0,,12/12/2014,Juegos Mediterráneos
141,15.6,9.1,13.6,7.5,20.9,61,17.8,17.8,0.0,0.0,,13/12/2014,El Arcángel
142,12.3,10.5,11.9,5.8,24.7,55,7.0,7.0,0.0,0.0,,13/12/2014,Coliseum Alfonso Pérez
143,15.6,12.0,14.4,11.4,17.1,55,7.6,7.6,0.0,0.0,,13/12/2014,La Rosaleda
144,17.3,8.6,14.7,5.6,14.5,3,0.0,0.0,0.0,0.0,,13/12/2014,Mestalla
145,8.4,5.6,6.5,3.3,10.5,61,22.8,22.8,0.0,0.0,,14/12/2014,Vicente Calderón
146,10.0,2.2,8.3,-1.1,8.1,51,0.4,0.4,0.0,0.0,,14/12/2014,Power8 Stadium
147,12.0,9.3,10.1,6.9,18.4,61,11.0,11.0,0.0,0.0,,14/12/2014,Ramón Sánchez Pizjuán
148,12.0,9.3,9.9,6.6,20.4,61,7.8,7.8,0.0,0.0,,14/12/2014,Anoeta
149,9.7,3.2,7.5,0.2,10.8,53,2.8,2.8,0.0,0.0,,15/12/2014,Riazor
150,12.9,8.6,11.9,6.8,9.5,3,0.0,0.0,0.0,0.0,,19/12/2014,Balaídos
151,15.3,9.7,14.5,8.5,8.4,3,0.0,0.0,0.0,0.0,,20/12/2014,Camp Nou
152,12.2,10.2,10.7,8.1,12.0,51,2.4,2.4,0.0,0.0,,20/12/2014,Ipurua
153,15.2,7.6,13.9,5.7,9.1,1,0.0,0.0,0.0,0.0,,20/12/2014,Ciutat de València
154,11.6,4.0,10.2,1.1,9.4,3,0.0,0.0,0.0,0.0,,20/12/2014,Vallecas
155,11.7,7.0,10.5,5.0,10.2,51,0.2,0.2,0.0,0.0,,21/12/2014,San Mamés
156,12.0,-0.4,10.2,-3.6,10.1,3,0.0,0.0,0.0,0.0,,21/12/2014,Martínez Valero
157,13.1,0.3,11.5,-2.5,6.4,3,0.0,0.0,0.0,0.0,,21/12/2014,Nuevo Los Cármenes
158,14.9,6.5,13.4,3.9,10.0,0,0.0,0.0,0.0,0.0,,21/12/2014,El Madrigal
159,10.1,-1.5,7.7,-4.5,6.8,1,0.0,0.0,0.0,0.0,,03/01/2015,Vicente Calderón
160,9.9,-1.2,7.3,-4.5,8.0,2,0.0,0.0,0.0,0.0,,03/01/2015,Martínez Valero
161,11.9,-0.5,9.9,-4.0,9.3,1,0.0,0.0,0.0,0.0,,03/01/2015,Riazor
162,15.4,7.0,15.1,5.6,6.9,3,0.0,0.0,0.0,0.0,,03/01/2015,La Rosaleda
163,17.1,5.0,15.0,1.7,12.0,0,0.0,0.0,0.0,0.0,,03/01/2015,Ramón Sánchez Pizjuán
164,12.6,-0.8,10.5,-3.9,5.4,1,0.0,0.0,0.0,0.0,,04/01/2015,Power8 Stadium
165,13.3,6.8,13.0,4.4,12.4,3,0.0,0.0,0.0,0.0,,04/01/2015,Coliseum Alfonso Pérez
166,17.6,3.9,16.2,0.6,10.0,0,0.0,0.0,0.0,0.0,,04/01/2015,Anoeta
167,17.9,7.5,16.2,4.7,12.7,0,0.0,0.0,0.0,0.0,,04/01/2015,Mestalla
168,14.7,0.3,13.0,-2.7,9.3,2,0.0,0.0,0.0,0.0,,05/01/2015,El Arcángel
169,17.7,4.0,15.3,1.1,10.5,0,0.0,0.0,0.0,0.0,,09/01/2015,Ciutat de València
170,11.8,6.5,11.1,4.8,6.6,3,0.0,0.0,0.0,0.0,,10/01/2015,Balaídos
171,13.4,5.1,11.9,2.7,9.8,2,0.0,0.0,0.0,0.0,,10/01/2015,Ipurua
172,17.1,8.7,17.2,7.3,7.6,3,0.0,0.0,0.0,0.0,,10/01/2015,La Rosaleda
173,11.2,-2.2,9.0,-5.3,10.5,0,0.0,0.0,0.0,0.0,,10/01/2015,Santiago Bernabéu
174,18.4,8.1,17.1,5.6,10.4,3,0.0,0.0,0.0,0.0,,11/01/2015,Juegos Mediterráneos
175,10.7,6.8,8.4,4.3,17.1,55,4.7,4.7,0.0,0.0,,11/01/2015,San Mamés
176,14.3,7.4,13.8,5.2,9.2,2,0.0,0.0,0.0,0.0,,11/01/2015,Camp Nou
177,15.1,2.8,11.9,-0.2,9.3,2,0.0,0.0,0.0,0.0,,11/01/2015,Nuevo Los Cármenes
178,13.3,0.2,11.1,-3.2,10.2,3,0.0,0.0,0.0,0.0,,12/01/2015,Vallecas
179,12.4,5.7,8.5,3.1,23.3,63,8.1,8.1,0.0,0.0,,16/01/2015,El Arcángel
180,6.5,-2.9,3.4,-6.2,7.9,51,0.1,0.1,0.0,0.0,,17/01/2015,Power8 Stadium
181,11.9,2.1,9.1,-0.8,11.3,3,0.0,0.0,0.0,0.0,,17/01/2015,Anoeta
182,14.3,5.5,11.1,1.7,21.6,0,0.0,0.0,0.0,0.0,,17/01/2015,Mestalla
183,12.8,3.3,9.9,-0.3,11.7,0,0.0,0.0,0.0,0.0,,17/01/2015,El Madrigal
184,3.1,-0.7,-0.0,-4.1,9.2,73,5.3,3.0,0.0,1.68,,18/01/2015,Vicente Calderón
185,3.2,-0.2,-0.4,-3.9,10.4,71,5.7,4.3,0.0,1.05,,18/01/2015,Martínez Valero
186,10.7,6.5,8.1,2.1,23.1,63,15.1,15.1,0.0,0.0,,18/01/2015,Coliseum Alfonso Pérez
187,7.5,3.6,4.8,-2.1,31.0,61,8.0,8.0,0.0,0.0,,18/01/2015,Riazor
188,10.6,7.1,8.7,4.7,20.1,61,22.5,22.5,0.0,0.0,,18/01/2015,Ramón Sánchez Pizjuán
189,9.4,-2.7,5.2,-6.4,11.7,3,0.0,0.0,0.0,0.0,,24/01/2015,Vicente Calderón
190,13.3,-0.3,9.4,-4.1,15.6,3,0.0,0.0,0.0,0.0,,24/01/2015,El Arcángel
191,9.3,-1.6,4.3,-6.2,16.2,2,0.0,0.0,0.0,0.0,,24/01/2015,Martínez Valero
192,14.0,2.9,9.9,-0.6,16.8,1,0.0,0.0,0.0,0.0,,24/01/2015,Anoeta
193,15.0,6.2,11.8,0.7,26.9,2,0.0,0.0,0.0,0.0,,24/01/2015,El Madrigal
194,8.0,4.9,4.6,2.9,16.1,51,0.1,0.1,0.0,0.0,,25/01/2015,San Mamés
195,5.6,-1.0,0.3,-6.3,16.3,2,0.0,0.0,0.0,0.0,,25/01/2015,Power8 Stadium
196,11.0,3.6,8.3,0.8,14.3,3,0.0,0.0,0.0,0.0,,25/01/2015,Riazor
197,16.5,6.1,12.7,3.4,18.6,1,0.0,0.0,0.0,0.0,,25/01/2015,Mestalla
198,9.5,3.6,6.8,1.0,14.0,3,0.0,0.0,0.0,0.0,,26/01/2015,Coliseum Alfonso Pérez
199,12.3,4.7,5.5,0.2,42.0,53,2.2,2.2,0.0,0.0,,30/01/2015,Vallecas
200,12.0,8.0,7.0,2.2,39.1,55,8.0,8.0,0.0,0.0,,31/01/2015,Balaídos
201,8.1,3.6,2.8,-3.0,35.1,71,24.6,24.4,0.0,0.14,,31/01/2015,Ipurua
202,8.5,1.7,4.5,-2.6,32.2,61,18.1,18.1,0.0,0.0,,31/01/2015,Nuevo Los Cármenes
203,9.8,1.7,6.2,-3.4,27.2,61,8.1,8.1,0.0,0.0,,31/01/2015,Santiago Bernabéu
204,12.7,5.8,9.1,2.1,16.2,0,0.0,0.0,0.0,0.0,,01/02/2015,Juegos Mediterráneos
205,10.8,3.3,4.8,-2.3,27.9,3,0.0,0.0,0.0,0.0,,01/02/2015,Camp Nou
206,13.8,7.6,6.6,0.1,34.0,1,0.0,0.0,0.0,0.0,,01/02/2015,Ciutat de València
207,13.5,4.9,9.1,1.3,17.3,3,0.0,0.0,0.0,0.0,,01/02/2015,Ramón Sánchez Pizjuán
208,13.4,6.0,9.5,2.9,19.3,51,0.8,0.8,0.0,0.0,,02/02/2015,La Rosaleda
209,3.2,-1.4,-2.5,-7.6,24.6,51,0.5,0.5,0.0,0.0,,04/02/2015,Santiago Bernabéu
210,4.9,0.7,-0.6,-2.9,25.9,71,4.7,4.6,0.0,0.07,,06/02/2015,Riazor
211,4.6,-2.1,0.2,-5.7,12.0,3,0.0,0.0,0.0,0.0,,07/02/2015,Vicente Calderón
212,8.3,1.8,4.6,-1.6,12.8,51,0.9,0.9,0.0,0.0,,07/02/2015,Ciutat de València
213,11.5,1.7,9.2,-1.2,9.3,51,0.4,0.4,0.0,0.0,,07/02/2015,Anoeta
214,7.9,1.6,4.2,-1.6,10.2,3,0.0,0.0,0.0,0.0,,07/02/2015,El Madrigal
215,6.4,2.0,1.7,-1.2,18.8,71,1.3,1.1,0.0,0.14,,08/02/2015,San Mamés
216,12.5,2.3,9.0,-1.8,13.8,1,0.0,0.0,0.0,0.0,,08/02/2015,El Arcángel
217,9.1,-3.1,5.7,-6.7,11.2,2,0.0,0.0,0.0,0.0,,08/02/2015,Power8 Stadium
218,6.3,3.2,2.6,0.2,16.5,51,1.1,1.1,0.0,0.0,,08/02/2015,Coliseum Alfonso Pérez
219,8.7,-3.3,2.6,-7.3,26.3,3,0.0,0.0,0.0,0.0,,09/02/2015,Martínez Valero
220,14.0,9.3,12.3,7.5,13.0,3,0.0,0.0,0.0,0.0,,13/02/2015,Juegos Mediterráneos
221,8.3,1.9,4.1,-0.9,18.7,51,2.2,2.2,0.0,0.0,,14/02/2015,Nuevo Los Cármenes
222,16.6,8.3,13.6,6.3,18.1,3,0.0,0.0,0.0,0.0,,14/02/2015,La Rosaleda
223,11.3,4.9,6.8,1.5,20.4,51,0.7,0.7,0.0,0.0,,14/02/2015,Santiago Bernabéu
224,16.7,8.1,13.6,5.9,18.6,3,0.0,0.0,0.0,0.0,,14/02/2015,Ramón Sánchez Pizjuán
225,12.2,6.9,11.1,4.6,14.5,51,0.3,0.3,0.0,0.0,,15/02/2015,Camp Nou
226,12.7,10.1,10.0,7.4,28.4,55,4.3,4.3,0.0,0.0,,15/02/2015,Balaídos
227,20.5,10.8,18.6,7.6,22.2,51,0.9,0.9,0.0,0.0,,15/02/2015,Mestalla
228,12.7,4.1,10.2,1.4,17.3,51,0.1,0.1,0.0,0.0,,15/02/2015,Vallecas
229,9.5,6.3,6.6,2.0,35.4,61,15.3,15.3,0.0,0.0,,16/02/2015,Ipurua
230,12.4,5.8,9.8,3.0,16.5,53,6.0,6.0,0.0,0.0,,20/02/2015,Coliseum Alfonso Pérez
231,10.8,3.1,6.4,-0.1,25.6,71,3.8,3.7,0.0,0.07,,21/02/2015,Vicente Calderón
232,10.3,4.0,8.4,1.5,14.1,53,3.2,3.2,0.0,0.0,,21/02/2015,Camp Nou
233,16.3,6.4,13.6,4.2,13.8,53,0.8,0.8,0.0,0.0,,21/02/2015,El Arcángel
234,9.5,5.3,7.1,2.7,24.5,51,1.2,1.2,0.0,0.0,,21/02/2015,Riazor
235,10.5,6.8,8.5,1.7,26.4,55,13.6,13.6,0.0,0.0,,22/02/2015,San Mamés
236,10.6,2.0,6.0,-2.7,23.5,3,0.0,0.0,0.0,0.0,,22/02/2015,Martínez Valero
237,18.5,6.7,15.8,4.0,11.2,1,0.0,0.0,0.0,0.0,,22/02/2015,Anoeta
238,14.9,8.0,10.5,2.3,26.6,2,0.0,0.0,0.0,0.0,,22/02/2015,El Madrigal
239,18.3,9.1,13.5,5.8,28.9,3,0.0,0.0,0.0,0.0,,23/02/2015,Ciutat de València
240,8.0,1.4,5.0,-2.0,13.9,51,1.8,1.8,0.0,0.0,,27/02/2015,Power8 Stadium
241,16.0,9.6,15.2,8.5,10.7,3,0.0,0.0,0.0,0.0,,28/02/2015,Juegos Mediterráneos
242,14.4,5.5,12.1,3.8,9.5,3,0.0,0.0,0.0,0.0,,28/02/2015,Nuevo Los Cármenes
243,18.7,10.2,17.8,8.2,11.7,51,0.3,0.3,0.0,0.0,,28/02/2015,La Rosaleda
244,13.7,0.3,10.1,-3.3,14.1,3,0.0,0.0,0.0,0.0,,28/02/2015,Vallecas
245,16.7,10.2,14.8,8.6,13.9,53,2.8,2.8,0.0,0.0,,01/03/2015,Ipurua
246,17.3,5.0,15.3,2.6,11.1,3,0.0,0.0,0.0,0.0,,01/03/2015,Santiago Bernabéu
247,20.8,9.7,20.0,8.3,11.9,2,0.0,0.0,0.0,0.0,,01/03/2015,Ramón Sánchez Pizjuán
248,24.8,10.6,22.9,8.3,15.1,3,0.0,0.0,0.0,0.0,,01/03/2015,Mestalla
249,13.0,12.2,13.2,10.2,23.2,61,19.6,19.6,0.0,0.0,,02/03/2015,Balaídos
250,17.3,7.1,14.0,4.6,18.0,0,0.0,0.0,0.0,0.0,,06/03/2015,Ciutat de València
251,16.7,6.6,16.8,3.5,12.1,2,0.0,0.0,0.0,0.0,,07/03/2015,San Mamés
252,20.2,0.7,17.6,-3.1,9.9,0,0.0,0.0,0.0,0.0,,07/03/2015,Martínez Valero
253,18.2,-1.7,16.5,-5.5,9.1,0,0.0,0.0,0.0,0.0,,07/03/2015,Nuevo Los Cármenes
254,19.2,1.6,18.2,-1.5,10.3,0,0.0,0.0,0.0,0.0,,07/03/2015,Riazor
255,21.3,1.6,19.3,-1.3,10.1,3,0.0,0.0,0.0,0.0,,08/03/2015,Vicente Calderón
256,15.1,6.3,13.2,3.9,10.7,3,0.0,0.0,0.0,0.0,,08/03/2015,Camp Nou
257,25.7,5.6,24.0,2.7,14.0,3,0.0,0.0,0.0,0.0,,08/03/2015,Anoeta
258,14.6,5.4,12.3,3.1,13.0,3,0.0,0.0,0.0,0.0,,08/03/2015,El Madrigal
259,22.6,6.4,22.3,4.3,9.5,3,0.0,0.0,0.0,0.0,,09/03/2015,El Arcángel
260,17.8,9.4,16.5,7.2,12.5,3,0.0,0.0,0.0,0.0,,13/03/2015,Mestalla
261,13.7,5.9,10.1,1.1,22.9,2,0.0,0.0,0.0,0.0,,14/03/2015,Balaídos
262,7.7,5.1,4.4,-0.2,29.7,73,21.4,20.8,0.0,0.42,,14/03/2015,Ipurua
263,5.9,-1.7,4.0,-4.7,6.9,75,22.5,16.3,0.0,4.34,,14/03/2015,Power8 Stadium
264,11.4,3.9,8.3,0.6,17.2,53,2.0,2.0,0.0,0.0,,14/03/2015,Vallecas
265,13.1,9.9,10.8,8.6,14.1,3,0.0,0.0,0.0,0.0,,15/03/2015,Juegos Mediterráneos
266,13.9,11.7,12.8,10.8,11.6,53,4.3,4.3,0.0,0.0,,15/03/2015,La Rosaleda
267,10.3,-1.4,6.1,-4.8,10.5,3,0.0,0.0,0.0,0.0,,15/03/2015,Santiago Bernabéu
268,20.5,8.9,18.6,4.4,13.1,0,0.0,0.0,0.0,0.0,,15/03/2015,Ramón Sánchez Pizjuán
269,15.1,2.0,12.3,-1.5,20.7,3,0.0,0.0,0.0,0.0,,16/03/2015,Coliseum Alfonso Pérez
270,12.1,7.6,8.3,2.6,28.3,61,12.4,12.4,0.0,0.0,,20/03/2015,Martínez Valero
271,10.0,7.1,8.1,5.1,19.9,55,8.9,8.9,0.0,0.0,,21/03/2015,San Mamés
272,10.2,6.4,7.1,2.8,19.4,53,6.4,6.4,0.0,0.0,,21/03/2015,Vicente Calderón
273,9.6,4.0,7.4,2.1,9.0,61,6.6,6.6,0.0,0.0,,21/03/2015,Nuevo Los Cármenes
274,15.8,10.9,15.3,10.3,19.6,61,10.5,10.5,0.0,0.0,,21/03/2015,Ciutat de València
275,13.0,9.7,10.8,5.3,30.3,63,23.0,23.0,0.0,0.0,,21/03/2015,Vallecas
276,13.5,9.5,10.3,6.0,22.5,3,0.0,0.0,0.0,0.0,,22/03/2015,Camp Nou
277,11.5,4.2,6.3,-0.3,29.0,3,0.0,0.0,0.0,0.0,,22/03/2015,Riazor
278,16.9,9.9,17.0,9.2,10.4,51,2.3,2.3,0.0,0.0,,22/03/2015,Anoeta
279,12.3,10.7,10.2,8.2,20.8,61,14.6,14.6,0.0,0.0,,22/03/2015,El Madrigal
280,13.0,5.5,11.7,3.7,13.6,51,0.2,0.2,0.0,0.0,,03/04/2015,Ipurua
281,18.2,13.6,18.6,13.7,13.0,51,0.3,0.3,0.0,0.0,,04/04/2015,Juegos Mediterráneos
282,27.3,13.2,28.3,12.3,11.0,3,0.0,0.0,0.0,0.0,,04/04/2015,El Arcángel
283,19.6,13.7,21.1,13.5,10.8,51,0.1,0.1,0.0,0.0,,04/04/2015,La Rosaleda
284,28.0,14.1,28.9,14.1,12.2,53,0.9,0.9,0.0,0.0,,04/04/2015,Ramón Sánchez Pizjuán
285,19.5,10.0,20.8,7.3,16.2,1,0.0,0.0,0.0,0.0,,05/04/2015,Balaídos
286,13.6,6.8,10.4,4.5,24.1,3,0.0,0.0,0.0,0.0,,05/04/2015,Coliseum Alfonso Pérez
287,20.9,4.6,20.4,1.6,11.2,0,0.0,0.0,0.0,0.0,,05/04/2015,Santiago Bernabéu
288,18.7,9.0,17.9,7.2,20.6,2,0.0,0.0,0.0,0.0,,05/04/2015,Mestalla
289,13.0,2.3,10.8,0.2,9.2,51,2.5,2.5,0.0,0.0,,06/04/2015,Power8 Stadium
290,19.0,8.4,15.6,5.9,17.7,2,0.0,0.0,0.0,0.0,,07/04/2015,Vicente Calderón
291,16.2,6.1,13.2,3.3,16.4,0,0.0,0.0,0.0,0.0,,07/04/2015,Ipurua
292,15.5,11.9,11.9,9.4,24.7,3,0.0,0.0,0.0,0.0,,07/04/2015,Ciutat de València
293,15.5,5.5,13.6,3.1,17.3,2,0.0,0.0,0.0,0.0,,08/04/2015,Camp Nou
294,19.4,5.7,19.3,1.7,17.7,51,1.0,1.0,0.0,0.0,,08/04/2015,Nuevo Los Cármenes
295,19.5,9.1,20.1,5.6,18.8,51,1.0,1.0,0.0,0.0,,08/04/2015,Riazor
296,15.9,2.1,13.7,-0.4,16.6,2,0.0,0.0,0.0,0.0,,08/04/2015,Vallecas
297,18.6,10.7,16.9,6.6,20.3,53,2.3,2.3,0.0,0.0,,09/04/2015,San Mamés
298,13.2,5.4,9.7,0.8,22.1,53,5.0,5.0,0.0,0.0,,09/04/2015,Martínez Valero
299,14.7,6.6,13.4,4.5,12.8,51,0.1,0.1,0.0,0.0,,09/04/2015,El Madrigal
300,15.2,12.6,14.2,11.8,8.4,53,6.7,6.7,0.0,0.0,,11/04/2015,Juegos Mediterráneos
301,16.7,9.4,17.0,8.5,15.9,3,0.0,0.0,0.0,0.0,,11/04/2015,Balaídos
302,16.2,11.5,17.1,10.7,9.9,55,5.1,5.1,0.0,0.0,,11/04/2015,La Rosaleda
303,18.5,4.1,16.7,1.4,13.0,2,0.0,0.0,0.0,0.0,,11/04/2015,Santiago Bernabéu
304,21.3,12.0,23.3,12.0,12.2,63,3.6,3.6,0.0,0.0,,11/04/2015,Ramón Sánchez Pizjuán
305,21.9,9.0,20.5,7.8,11.2,51,0.1,0.1,0.0,0.0,,12/04/2015,El Arcángel
306,18.3,3.8,17.9,0.7,9.7,0,0.0,0.0,0.0,0.0,,12/04/2015,Power8 Stadium
307,22.6,8.6,22.4,6.1,18.1,0,0.0,0.0,0.0,0.0,,12/04/2015,Coliseum Alfonso Pérez
308,22.5,10.1,20.5,8.6,13.0,3,0.0,0.0,0.0,0.0,,12/04/2015,Anoeta
309,18.9,10.1,17.3,7.5,17.3,3,0.0,0.0,0.0,0.0,,13/04/2015,Mestalla
310,23.3,14.0,24.3,12.0,21.3,3,0.0,0.0,0.0,0.0,,17/04/2015,Ciutat de València
311,17.1,11.4,18.0,9.6,14.1,61,7.5,7.5,0.0,0.0,,18/04/2015,San Mamés
312,19.4,11.5,19.9,10.6,16.3,3,0.0,0.0,0.0,0.0,,18/04/2015,Camp Nou
313,13.1,7.0,12.2,4.3,16.6,61,7.1,7.1,0.0,0.0,,18/04/2015,Riazor
314,16.8,6.3,12.6,4.1,22.7,51,0.1,0.1,0.0,0.0,,18/04/2015,Santiago Bernabéu
315,13.5,9.5,11.0,6.6,17.1,51,0.2,0.2,0.0,0.0,,19/04/2015,Ipurua
316,18.8,7.1,17.6,4.9,11.8,3,0.0,0.0,0.0,0.0,,19/04/2015,Nuevo Los Cármenes
317,19.5,9.8,18.7,8.1,17.6,61,7.6,7.6,0.0,0.0,,19/04/2015,Vallecas
318,20.3,12.2,18.5,10.2,24.4,3,0.0,0.0,0.0,0.0,,19/04/2015,El Madrigal
319,21.6,4.7,19.9,1.6,21.7,3,0.0,0.0,0.0,0.0,,20/04/2015,Martínez Valero
320,24.7,14.4,23.5,13.5,17.6,3,0.0,0.0,0.0,0.0,,24/04/2015,El Arcángel
321,17.8,9.8,14.2,7.6,18.6,3,0.0,0.0,0.0,0.0,,25/04/2015,Vicente Calderón
322,19.6,11.0,19.5,9.9,14.6,51,1.4,1.4,0.0,0.0,,25/04/2015,Power8 Stadium
323,22.2,10.0,23.8,8.7,10.5,61,3.1,3.1,0.0,0.0,,25/04/2015,Coliseum Alfonso Pérez
324,21.8,13.6,20.8,13.6,15.6,53,1.0,1.0,0.0,0.0,,25/04/2015,Anoeta
325,20.3,16.1,18.7,15.5,29.1,3,0.0,0.0,0.0,0.0,,26/04/2015,Juegos Mediterráneos
326,14.8,12.1,14.2,10.4,24.0,55,12.0,12.0,0.0,0.0,,26/04/2015,Balaídos
327,19.7,13.9,18.3,14.1,25.5,61,5.1,5.1,0.0,0.0,,26/04/2015,La Rosaleda
328,21.8,15.0,19.3,13.9,24.5,53,2.8,2.8,0.0,0.0,,26/04/2015,Ramón Sánchez Pizjuán
329,25.4,15.0,20.7,10.1,31.3,3,0.0,0.0,0.0,0.0,,27/04/2015,Mestalla
330,13.5,9.3,11.3,7.2,16.6,51,0.3,0.3,0.0,0.0,,28/04/2015,San Mamés
331,17.3,11.5,16.7,11.2,17.3,51,0.5,0.5,0.0,0.0,,28/04/2015,Camp Nou
332,24.5,13.8,23.6,11.7,29.1,3,0.0,0.0,0.0,0.0,,28/04/2015,Ciutat de València
333,15.3,8.7,13.6,7.2,17.7,3,0.0,0.0,0.0,0.0,,29/04/2015,Balaídos
334,13.7,9.2,13.4,7.3,12.2,3,0.0,0.0,0.0,0.0,,29/04/2015,Ipurua
335,20.9,9.8,18.3,7.7,18.4,3,0.0,0.0,0.0,0.0,,29/04/2015,Martínez Valero
336,19.5,7.8,16.5,6.0,14.0,3,0.0,0.0,0.0,0.0,,29/04/2015,Santiago Bernabéu
337,19.7,13.2,19.8,12.5,16.1,53,0.6,0.6,0.0,0.0,,29/04/2015,El Madrigal
338,21.6,8.0,21.6,5.9,10.2,3,0.0,0.0,0.0,0.0,,30/04/2015,Nuevo Los Cármenes
339,21.6,10.1,18.9,9.2,17.9,51,0.1,0.1,0.0,0.0,,30/04/2015,Vallecas
340,30.3,14.6,30.6,14.3,9.1,3,0.0,0.0,0.0,0.0,,01/05/2015,Anoeta
341,25.7,12.1,24.7,11.7,18.2,3,0.0,0.0,0.0,0.0,,02/05/2015,Vicente Calderón
342,32.8,15.5,32.4,15.8,12.9,3,0.0,0.0,0.0,0.0,,02/05/2015,El Arcángel
343,18.0,13.3,14.6,9.4,34.0,53,3.3,3.3,0.0,0.0,,02/05/2015,Riazor
344,32.6,16.7,32.6,16.8,13.7,3,0.0,0.0,0.0,0.0,,02/05/2015,Ramón Sánchez Pizjuán
345,25.9,14.2,25.5,13.9,17.1,3,0.0,0.0,0.0,0.0,,03/05/2015,Power8 Stadium
346,22.2,14.5,22.2,14.2,14.6,51,0.4,0.4,0.0,0.0,,03/05/2015,Coliseum Alfonso Pérez
347,28.9,17.6,31.4,17.8,7.6,3,0.0,0.0,0.0,0.0,,03/05/2015,La Rosaleda
348,35.2,16.2,34.5,17.0,20.2,3,0.0,0.0,0.0,0.0,,03/05/2015,Mestalla
349,27.8,22.4,26.3,20.9,16.6,3,0.0,0.0,0.0,0.0,,04/05/2015,Juegos Mediterráneos
350,18.9,13.2,18.9,11.7,19.4,51,0.2,0.2,0.0,0.0,,08/05/2015,Ipurua
351,17.6,13.1,17.2,12.8,13.9,3,0.0,0.0,0.0,0.0,,09/05/2015,San Mamés
352,23.7,14.8,24.0,15.1,19.8,3,0.0,0.0,0.0,0.0,,09/05/2015,Camp Nou
353,27.1,8.3,27.2,6.4,9.2,3,0.0,0.0,0.0,0.0,,09/05/2015,Nuevo Los Cármenes
354,25.9,9.1,26.1,7.7,5.9,3,0.0,0.0,0.0,0.0,,09/05/2015,Santiago Bernabéu
355,26.6,19.4,24.7,18.3,22.7,3,0.0,0.0,0.0,0.0,,10/05/2015,Juegos Mediterráneos
356,17.9,12.0,19.4,12.0,12.5,3,0.0,0.0,0.0,0.0,,10/05/2015,Balaídos
357,26.4,17.9,26.7,19.5,17.3,3,0.0,0.0,0.0,0.0,,10/05/2015,Ciutat de València
358,23.9,17.0,25.1,17.1,14.0,3,0.0,0.0,0.0,0.0,,10/05/2015,El Madrigal
359,28.2,15.2,26.2,13.9,17.3,3,0.0,0.0,0.0,0.0,,11/05/2015,Vallecas
360,28.2,11.2,27.2,8.8,12.8,0,0.0,0.0,0.0,0.0,,17/05/2015,Vicente Calderón
361,33.1,15.7,33.0,15.2,17.1,0,0.0,0.0,0.0,0.0,,17/05/2015,El Arcángel
362,29.1,13.1,28.8,9.9,18.9,0,0.0,0.0,0.0,0.0,,17/05/2015,Martínez Valero
363,23.7,8.8,23.9,6.3,15.7,2,0.0,0.0,0.0,0.0,,17/05/2015,Power8 Stadium
364,17.4,12.2,16.8,11.7,12.7,51,0.6,0.6,0.0,0.0,,17/05/2015,Coliseum Alfonso Pérez
365,21.8,10.5,22.2,8.4,19.1,3,0.0,0.0,0.0,0.0,,17/05/2015,Riazor
366,33.3,17.3,31.9,15.3,15.2,3,0.0,0.0,0.0,0.0,,17/05/2015,Ramón Sánchez Pizjuán
367,33.3,17.3,31.8,15.1,14.2,3,0.0,0.0,0.0,0.0,,17/05/2015,Anoeta
368,25.6,15.5,25.1,14.6,18.8,0,0.0,0.0,0.0,0.0,,17/05/2015,Mestalla
369,22.1,13.3,22.4,12.4,17.3,0,0.0,0.0,0.0,0.0,,17/05/2015,El Madrigal
370,21.0,15.9,20.9,14.4,16.6,3,0.0,0.0,0.0,0.0,,23/05/2015,Juegos Mediterráneos
371,15.0,10.4,12.7,7.8,14.9,3,0.0,0.0,0.0,0.0,,23/05/2015,San Mamés
372,21.1,12.6,21.2,11.5,16.3,3,0.0,0.0,0.0,0.0,,23/05/2015,Camp Nou
373,21.6,10.9,21.2,7.2,24.5,1,0.0,0.0,0.0,0.0,,23/05/2015,Balaídos
374,13.4,10.4,11.1,7.5,15.6,51,0.9,0.9,0.0,0.0,,23/05/2015,Ipurua
375,20.4,11.2,19.4,10.4,10.1,3,0.0,0.0,0.0,0.0,,23/05/2015,Nuevo Los Cármenes
376,22.3,14.2,22.5,15.0,20.7,2,0.0,0.0,0.0,0.0,,23/05/2015,Ciutat de València
377,20.8,14.9,20.8,14.8,14.5,3,0.0,0.0,0.0,0.0,,23/05/2015,La Rosaleda
378,22.1,8.3,19.4,4.8,20.9,2,0.0,0.0,0.0,0.0,,23/05/2015,Santiago Bernabéu
379,23.3,9.9,21.2,7.4,17.3,3,0.0,0.0,0.0,0.0,,23/05/2015,Vallecas
380,28.6,24.0,32.7,27.7,12.4,3,0.0,0.0,0.0,0.0,,21/08/2015,La Rosaleda
381,30.0,18.7,29.3,20.0,21.1,51,0.1,0.1,0.0,0.0,,22/08/2015,Vicente Calderón
382,27.5,21.8,31.9,25.5,14.4,3,0.0,0.0,0.0,0.0,,22/08/2015,RCDE Stadium
383,22.7,13.5,21.0,12.6,26.8,61,6.3,6.3,0.0,0.0,,22/08/2015,Riazor
384,26.3,19.8,28.8,23.0,18.4,53,1.6,1.6,0.0,0.0,,22/08/2015,Vallecas
385,24.3,16.6,23.8,15.8,20.2,61,5.2,5.2,0.0,0.0,,23/08/2015,San Mamés
386,29.1,19.4,27.7,20.1,21.9,3,0.0,0.0,0.0,0.0,,23/08/2015,Benito Villamarín
387,34.0,21.4,33.9,24.7,16.6,3,0.0,0.0,0.0,0.0,,23/08/2015,Ciutat de València
388,23.5,13.3,24.3,12.4,25.3,53,0.9,0.9,0.0,0.0,,23/08/2015,El Molinón
389,24.4,14.0,22.5,13.4,14.1,2,0.0,0.0,0.0,0.0,,24/08/2015,Nuevo Los Cármenes
390,28.6,22.0,32.3,25.2,12.8,2,0.0,0.0,0.0,0.0,,28/08/2015,El Madrigal
391,27.7,21.8,31.4,25.6,10.7,3,0.0,0.0,0.0,0.0,,29/08/2015,Camp Nou
392,22.3,18.1,26.2,20.2,11.5,3,0.0,0.0,0.0,0.0,,29/08/2015,Balaídos
393,34.1,18.0,33.5,16.8,11.5,3,0.0,0.0,0.0,0.0,,29/08/2015,Santiago Bernabéu
394,37.5,23.7,38.7,25.1,19.4,3,0.0,0.0,0.0,0.0,,29/08/2015,Anoeta
395,31.4,19.6,32.9,21.9,17.4,61,1.9,1.9,0.0,0.0,,30/08/2015,Ipurua
396,30.1,18.9,33.8,21.2,21.4,53,0.6,0.6,0.0,0.0,,30/08/2015,Coliseum Alfonso Pérez
397,22.3,13.9,22.4,13.4,13.5,1,0.0,0.0,0.0,0.0,,30/08/2015,Gran Canaria
398,38.6,24.4,41.0,25.6,17.8,3,0.0,0.0,0.0,0.0,,30/08/2015,Ramón Sánchez Pizjuán
399,31.4,21.4,34.3,24.5,15.3,3,0.0,0.0,0.0,0.0,,30/08/2015,Mestalla
400,27.1,21.7,30.5,24.8,14.9,51,0.2,0.2,0.0,0.0,,11/09/2015,Ciutat de València
401,27.0,17.5,23.4,16.0,18.2,3,0.0,0.0,0.0,0.0,,12/09/2015,Vicente Calderón
402,30.1,18.4,30.2,20.1,15.5,3,0.0,0.0,0.0,0.0,,12/09/2015,Benito Villamarín
403,25.9,21.4,29.7,24.7,12.0,53,0.8,0.8,0.0,0.0,,12/09/2015,RCDE Stadium
404,17.6,15.1,17.7,15.3,10.6,51,5.1,5.1,0.0,0.0,,12/09/2015,El Molinón
405,22.9,17.0,22.1,17.1,16.6,53,1.4,1.4,0.0,0.0,,13/09/2015,San Mamés
406,19.0,15.3,17.3,12.3,31.4,63,13.9,13.9,0.0,0.0,,13/09/2015,Balaídos
407,24.7,16.0,23.0,13.7,16.6,3,0.0,0.0,0.0,0.0,,13/09/2015,Nuevo Los Cármenes
408,28.7,19.2,29.5,20.5,12.7,3,0.0,0.0,0.0,0.0,,13/09/2015,La Rosaleda
409,22.3,15.7,20.6,13.4,22.1,3,0.0,0.0,0.0,0.0,,14/09/2015,Vallecas
410,18.6,13.3,16.6,11.9,18.5,51,0.5,0.5,0.0,0.0,,18/09/2015,Coliseum Alfonso Pérez
411,17.8,12.8,17.1,11.7,11.4,2,0.0,0.0,0.0,0.0,,19/09/2015,Ipurua
412,24.2,9.0,23.4,6.5,9.0,0,0.0,0.0,0.0,0.0,,19/09/2015,Santiago Bernabéu
413,32.6,17.5,32.9,17.2,12.3,3,0.0,0.0,0.0,0.0,,19/09/2015,Anoeta
414,25.1,17.2,27.0,18.0,11.4,2,0.0,0.0,0.0,0.0,,19/09/2015,Mestalla
415,22.4,16.7,22.8,17.8,12.4,51,1.3,1.3,0.0,0.0,,20/09/2015,Camp Nou
416,23.6,9.8,24.0,8.4,10.0,2,0.0,0.0,0.0,0.0,,20/09/2015,Riazor
417,19.6,11.9,18.9,9.6,17.4,1,0.0,0.0,0.0,0.0,,20/09/2015,Gran Canaria
418,32.7,19.9,33.9,20.5,13.5,3,0.0,0.0,0.0,0.0,,20/09/2015,Ramón Sánchez Pizjuán
419,25.2,14.9,26.6,15.3,15.3,2,0.0,0.0,0.0,0.0,,20/09/2015,El Madrigal
420,27.9,13.0,24.9,11.2,14.1,0,0.0,0.0,0.0,0.0,,22/09/2015,Vicente Calderón
421,24.3,18.1,26.7,19.7,18.5,51,0.9,0.9,0.0,0.0,,22/09/2015,RCDE Stadium
422,26.2,15.3,24.1,14.7,16.7,1,0.0,0.0,0.0,0.0,,22/09/2015,Nuevo Los Cármenes
423,15.9,14.1,16.1,11.6,21.5,61,10.7,10.7,0.0,0.0,,23/09/2015,San Mamés
424,20.9,13.9,21.2,12.6,19.5,3,0.0,0.0,0.0,0.0,,23/09/2015,Balaídos
425,21.2,13.7,21.6,12.6,10.3,3,0.0,0.0,0.0,0.0,,23/09/2015,Gran Canaria
426,25.6,19.2,27.3,21.6,18.2,51,0.1,0.1,0.0,0.0,,23/09/2015,Ciutat de València
427,30.4,19.6,30.9,19.2,12.2,3,0.0,0.0,0.0,0.0,,23/09/2015,La Rosaleda
428,22.7,13.8,20.6,11.3,16.0,51,0.7,0.7,0.0,0.0,,23/09/2015,Vallecas
429,30.4,18.0,30.9,19.3,13.5,2,0.0,0.0,0.0,0.0,,24/09/2015,Benito Villamarín
430,26.7,15.9,27.2,15.9,12.0,2,0.0,0.0,0.0,0.0,,25/09/2015,Mestalla
431,21.8,16.7,23.4,17.9,7.9,53,1.1,1.1,0.0,0.0,,26/09/2015,Camp Nou
432,19.3,13.8,19.9,14.4,15.5,3,0.0,0.0,0.0,0.0,,26/09/2015,Ipurua
433,26.5,12.7,23.4,10.1,9.0,3,0.0,0.0,0.0,0.0,,26/09/2015,Santiago Bernabéu
434,31.4,18.8,32.0,21.1,9.4,51,0.1,0.1,0.0,0.0,,26/09/2015,Ramón Sánchez Pizjuán
435,24.0,15.3,25.5,15.8,11.8,3,0.0,0.0,0.0,0.0,,26/09/2015,El Madrigal
436,20.9,12.3,21.3,12.3,14.7,2,0.0,0.0,0.0,0.0,,27/09/2015,Coliseum Alfonso Pérez
437,23.4,13.6,24.5,12.8,15.3,3,0.0,0.0,0.0,0.0,,27/09/2015,Riazor
438,32.7,17.8,32.7,19.5,11.8,1,0.0,0.0,0.0,0.0,,27/09/2015,Anoeta
439,20.3,12.7,20.3,12.1,17.8,3,0.0,0.0,0.0,0.0,,27/09/2015,El Molinón
440,19.2,12.0,18.6,10.7,15.8,3,0.0,0.0,0.0,0.0,,02/10/2015,Balaídos
441,22.1,17.3,23.5,18.1,22.4,63,21.6,21.6,0.0,0.0,,03/10/2015,RCDE Stadium
442,23.9,14.2,21.4,12.8,16.1,3,0.0,0.0,0.0,0.0,,03/10/2015,Nuevo Los Cármenes
443,23.6,14.0,23.0,13.9,11.0,3,0.0,0.0,0.0,0.0,,03/10/2015,Gran Canaria
444,26.1,19.9,27.6,22.2,12.3,3,0.0,0.0,0.0,0.0,,03/10/2015,La Rosaleda
445,28.0,18.9,26.6,19.8,19.3,3,0.0,0.0,0.0,0.0,,03/10/2015,Ramón Sánchez Pizjuán
446,25.4,13.5,24.2,11.7,26.3,3,0.0,0.0,0.0,0.0,,04/10/2015,San Mamés
447,23.6,13.7,21.4,11.7,23.7,51,0.5,0.5,0.0,0.0,,04/10/2015,Vicente Calderón
448,27.2,17.1,28.2,18.2,14.1,3,0.0,0.0,0.0,0.0,,04/10/2015,Ciutat de València
449,21.1,13.0,21.6,12.9,10.5,3,0.0,0.0,0.0,0.0,,04/10/2015,Vallecas
450,17.9,13.0,18.2,12.2,8.9,3,0.0,0.0,0.0,0.0,,17/10/2015,Camp Nou
451,24.4,18.3,22.9,17.5,18.3,53,3.2,3.2,0.0,0.0,,17/10/2015,Benito Villamarín
452,17.7,9.3,16.2,6.8,16.6,51,1.1,1.1,0.0,0.0,,17/10/2015,Ipurua
453,21.7,8.5,20.6,6.4,9.2,53,2.0,2.0,0.0,0.0,,17/10/2015,Santiago Bernabéu
454,20.8,17.4,21.2,18.3,13.7,51,0.3,0.3,0.0,0.0,,17/10/2015,Mestalla
455,20.7,15.5,21.7,15.2,12.0,53,0.9,0.9,0.0,0.0,,18/10/2015,Coliseum Alfonso Pérez
456,16.9,11.2,16.5,10.5,12.8,53,4.2,4.2,0.0,0.0,,18/10/2015,Riazor
457,20.0,17.7,19.9,17.1,23.7,63,29.3,29.3,0.0,0.0,,18/10/2015,Anoeta
458,21.5,16.2,21.5,17.2,13.0,51,0.2,0.2,0.0,0.0,,18/10/2015,El Madrigal
459,15.0,13.0,13.7,11.3,21.4,61,31.3,31.3,0.0,0.0,,19/10/2015,El Molinón
460,18.6,8.5,18.2,6.5,10.5,3,0.0,0.0,0.0,0.0,,23/10/2015,Vallecas
461,18.4,15.5,19.3,14.4,15.1,53,3.1,3.1,0.0,0.0,,24/10/2015,Balaídos
462,16.4,10.1,15.6,9.3,6.6,53,2.2,2.2,0.0,0.0,,24/10/2015,Nuevo Los Cármenes
463,19.5,17.0,21.0,18.1,7.4,51,0.1,0.1,0.0,0.0,,24/10/2015,La Rosaleda
464,21.1,15.7,21.8,16.6,6.8,53,0.9,0.9,0.0,0.0,,24/10/2015,Ramón Sánchez Pizjuán
465,19.4,9.7,17.7,8.2,9.3,3,0.0,0.0,0.0,0.0,,25/10/2015,Vicente Calderón
466,19.0,15.4,18.8,15.6,10.8,3,0.0,0.0,0.0,0.0,,25/10/2015,Camp Nou
467,14.3,9.9,13.4,7.9,13.8,63,10.1,10.1,0.0,0.0,,25/10/2015,Gran Canaria
468,19.1,16.1,19.0,17.1,14.5,51,0.1,0.1,0.0,0.0,,25/10/2015,Ciutat de València
469,22.5,14.7,21.1,12.2,21.7,51,0.4,0.4,0.0,0.0,,26/10/2015,San Mamés
470,18.6,14.9,16.4,11.9,31.0,51,0.1,0.1,0.0,0.0,,30/10/2015,Riazor
471,25.7,15.8,26.6,15.0,17.7,1,0.0,0.0,0.0,0.0,,31/10/2015,Coliseum Alfonso Pérez
472,19.4,9.9,18.0,8.7,9.8,3,0.0,0.0,0.0,0.0,,31/10/2015,Santiago Bernabéu
473,21.4,13.7,21.1,13.8,17.0,51,0.5,0.5,0.0,0.0,,31/10/2015,Anoeta
474,19.6,14.5,20.4,15.5,11.6,51,0.4,0.4,0.0,0.0,,31/10/2015,Mestalla
475,18.1,14.9,17.9,15.6,14.8,51,1.7,1.7,0.0,0.0,,31/10/2015,El Madrigal
476,23.4,14.6,22.3,13.5,17.8,63,10.0,10.0,0.0,0.0,,01/11/2015,Benito Villamarín
477,19.2,14.8,16.9,12.6,16.5,0,0.0,0.0,0.0,0.0,,01/11/2015,Ipurua
478,20.1,15.0,17.6,12.9,26.0,1,0.0,0.0,0.0,0.0,,01/11/2015,RCDE Stadium
479,18.5,9.3,18.8,7.9,12.3,2,0.0,0.0,0.0,0.0,,01/11/2015,El Molinón
480,18.6,12.7,17.6,11.3,16.6,3,0.0,0.0,0.0,0.0,,06/11/2015,Gran Canaria
481,20.3,16.0,21.7,16.3,14.0,51,0.1,0.1,0.0,0.0,,07/11/2015,Balaídos
482,20.6,15.0,21.5,13.4,16.3,2,0.0,0.0,0.0,0.0,,07/11/2015,Ipurua
483,21.3,13.2,22.7,13.2,9.3,3,0.0,0.0,0.0,0.0,,07/11/2015,Ciutat de València
484,19.9,15.9,20.5,16.8,12.5,3,0.0,0.0,0.0,0.0,,07/11/2015,La Rosaleda
485,20.8,10.1,21.3,8.9,7.9,3,0.0,0.0,0.0,0.0,,07/11/2015,Vallecas
486,24.1,14.5,23.9,12.6,20.2,0,0.0,0.0,0.0,0.0,,08/11/2015,San Mamés
487,20.4,8.2,19.4,6.9,6.4,0,0.0,0.0,0.0,0.0,,08/11/2015,Vicente Calderón
488,19.2,14.9,19.5,15.1,13.4,3,0.0,0.0,0.0,0.0,,08/11/2015,Camp Nou
489,24.1,15.0,24.3,13.5,15.0,0,0.0,0.0,0.0,0.0,,08/11/2015,Ramón Sánchez Pizjuán
490,17.6,10.3,16.3,5.2,28.2,51,0.3,0.3,0.0,0.0,,21/11/2015,RCDE Stadium
491,13.9,6.0,11.4,2.7,29.0,61,9.3,9.3,0.0,0.0,,21/11/2015,Riazor
492,11.2,4.7,8.5,1.1,19.0,53,1.1,1.1,0.0,0.0,,21/11/2015,Santiago Bernabéu
493,19.5,9.7,17.0,8.0,22.4,3,0.0,0.0,0.0,0.0,,21/11/2015,Anoeta
494,19.9,11.6,17.1,6.3,29.6,51,0.2,0.2,0.0,0.0,,21/11/2015,Mestalla
495,14.6,7.5,11.4,4.5,11.5,2,0.0,0.0,0.0,0.0,,22/11/2015,Benito Villamarín
496,8.0,-0.2,3.8,-3.7,12.5,3,0.0,0.0,0.0,0.0,,22/11/2015,Nuevo Los Cármenes
497,8.7,5.7,5.7,1.1,21.5,61,27.2,27.2,0.0,0.0,,22/11/2015,El Molinón
498,14.6,10.0,11.4,3.8,29.4,3,0.0,0.0,0.0,0.0,,22/11/2015,El Madrigal
499,10.7,5.5,8.1,3.0,22.4,55,3.9,3.9,0.0,0.0,,23/11/2015,Coliseum Alfonso Pérez
500,16.3,10.2,14.0,8.4,17.3,2,0.0,0.0,0.0,0.0,,27/11/2015,Ciutat de València
501,14.3,4.3,11.5,2.0,9.3,2,0.0,0.0,0.0,0.0,,28/11/2015,Vicente Calderón
502,14.6,5.3,13.3,3.1,8.2,1,0.0,0.0,0.0,0.0,,28/11/2015,Camp Nou
503,13.5,9.6,11.3,6.4,24.8,51,0.1,0.1,0.0,0.0,,28/11/2015,Balaídos
504,12.0,8.7,8.4,5.8,17.6,3,0.0,0.0,0.0,0.0,,28/11/2015,Gran Canaria
505,18.4,8.5,18.1,6.9,6.5,0,0.0,0.0,0.0,0.0,,28/11/2015,La Rosaleda
506,13.5,7.2,12.0,5.2,11.8,3,0.0,0.0,0.0,0.0,,29/11/2015,Ipurua
507,14.8,7.2,13.3,5.3,14.5,3,0.0,0.0,0.0,0.0,,29/11/2015,Coliseum Alfonso Pérez
508,20.3,10.1,17.7,7.2,14.4,0,0.0,0.0,0.0,0.0,,29/11/2015,Ramón Sánchez Pizjuán
509,11.3,1.5,8.9,-1.8,10.2,3,0.0,0.0,0.0,0.0,,29/11/2015,Vallecas
510,21.3,11.2,20.4,9.4,9.8,3,0.0,0.0,0.0,0.0,,05/12/2015,Benito Villamarín
511,16.8,3.1,14.5,0.5,6.7,2,0.0,0.0,0.0,0.0,,05/12/2015,Nuevo Los Cármenes
512,15.3,4.5,13.4,2.1,13.0,3,0.0,0.0,0.0,0.0,,05/12/2015,Riazor
513,15.4,2.7,13.5,0.1,5.6,3,0.0,0.0,0.0,0.0,,05/12/2015,Santiago Bernabéu
514,16.1,6.8,15.0,5.1,10.0,3,0.0,0.0,0.0,0.0,,05/12/2015,Mestalla
515,17.2,9.0,15.6,6.2,19.9,3,0.0,0.0,0.0,0.0,,06/12/2015,San Mamés
516,19.0,8.3,18.1,6.7,7.1,3,0.0,0.0,0.0,0.0,,06/12/2015,Anoeta
517,17.3,6.2,16.8,3.6,9.8,0,0.0,0.0,0.0,0.0,,06/12/2015,El Molinón
518,15.4,10.0,15.0,9.0,6.0,3,0.0,0.0,0.0,0.0,,06/12/2015,El Madrigal
519,16.0,9.9,15.9,8.9,7.8,51,0.2,0.2,0.0,0.0,,07/12/2015,RCDE Stadium
520,14.1,5.9,13.6,3.6,9.6,3,0.0,0.0,0.0,0.0,,11/12/2015,Coliseum Alfonso Pérez
521,14.0,6.9,12.1,4.5,12.5,3,0.0,0.0,0.0,0.0,,12/12/2015,Camp Nou
522,15.6,7.1,14.0,4.3,14.3,3,0.0,0.0,0.0,0.0,,12/12/2015,Balaídos
523,12.5,4.7,9.6,2.2,8.2,2,0.0,0.0,0.0,0.0,,12/12/2015,Gran Canaria
524,15.3,10.3,14.2,9.7,6.9,3,0.0,0.0,0.0,0.0,,12/12/2015,Ciutat de València
525,18.4,9.3,17.3,7.7,8.9,51,0.5,0.5,0.0,0.0,,12/12/2015,Ramón Sánchez Pizjuán
526,10.9,3.0,8.1,1.1,13.0,3,0.0,0.0,0.0,0.0,,13/12/2015,Vicente Calderón
527,13.8,7.4,10.7,4.1,20.0,3,0.0,0.0,0.0,0.0,,13/12/2015,Ipurua
528,11.6,2.9,9.5,0.4,8.7,3,0.0,0.0,0.0,0.0,,13/12/2015,Vallecas
529,14.2,7.4,12.8,5.5,10.9,51,0.1,0.1,0.0,0.0,,13/12/2015,El Madrigal
530,21.7,4.8,19.7,2.3,7.9,3,0.0,0.0,0.0,0.0,,19/12/2015,Benito Villamarín
531,15.5,8.2,15.0,7.2,7.7,3,0.0,0.0,0.0,0.0,,19/12/2015,RCDE Stadium
532,16.4,11.1,10.2,7.1,37.0,61,4.9,4.9,0.0,0.0,,19/12/2015,Riazor
533,17.8,8.1,16.4,6.3,9.2,2,0.0,0.0,0.0,0.0,,19/12/2015,Mestalla
534,16.4,11.3,15.4,8.6,17.7,53,1.4,1.4,0.0,0.0,,20/12/2015,San Mamés
535,18.2,3.5,14.2,-0.2,11.4,3,0.0,0.0,0.0,0.0,,20/12/2015,Nuevo Los Cármenes
536,20.1,11.1,19.7,9.7,7.5,3,0.0,0.0,0.0,0.0,,20/12/2015,La Rosaleda
537,13.6,4.8,10.6,2.4,9.7,51,0.4,0.4,0.0,0.0,,20/12/2015,Santiago Bernabéu
538,18.4,9.3,18.6,7.6,9.8,53,1.4,1.4,0.0,0.0,,20/12/2015,Anoeta
539,15.3,9.1,13.5,7.5,10.3,3,0.0,0.0,0.0,0.0,,30/12/2015,Camp Nou
540,15.0,11.8,10.6,8.6,46.7,63,22.4,22.4,0.0,0.0,,30/12/2015,Balaídos
541,16.1,10.6,11.9,5.9,34.4,51,0.5,0.5,0.0,0.0,,30/12/2015,Ipurua
542,16.8,10.7,12.1,6.8,32.1,55,2.0,2.0,0.0,0.0,,30/12/2015,Coliseum Alfonso Pérez
543,14.5,6.0,11.5,3.3,10.8,0,0.0,0.0,0.0,0.0,,30/12/2015,Gran Canaria
544,19.1,7.6,15.6,5.1,18.1,3,0.0,0.0,0.0,0.0,,30/12/2015,Ciutat de València
545,9.6,4.0,6.3,2.2,13.2,3,0.0,0.0,0.0,0.0,,30/12/2015,Santiago Bernabéu
546,17.5,7.4,17.1,5.7,7.3,3,0.0,0.0,0.0,0.0,,30/12/2015,Ramón Sánchez Pizjuán
547,14.5,3.1,11.1,0.7,14.8,3,0.0,0.0,0.0,0.0,,30/12/2015,Vallecas
548,15.9,7.8,15.2,5.6,8.3,3,0.0,0.0,0.0,0.0,,31/12/2015,El Madrigal
549,10.8,3.3,9.1,0.5,16.6,51,0.7,0.7,0.0,0.0,,02/01/2016,Vicente Calderón
550,15.6,10.0,13.3,9.3,21.6,51,0.2,0.2,0.0,0.0,,02/01/2016,RCDE Stadium
551,18.6,12.2,17.3,12.1,10.7,3,0.0,0.0,0.0,0.0,,02/01/2016,La Rosaleda
552,14.9,8.8,11.2,5.4,33.5,63,9.6,9.6,0.0,0.0,,03/01/2016,San Mamés
553,17.1,12.3,14.9,12.1,22.1,51,1.4,1.4,0.0,0.0,,03/01/2016,Benito Villamarín
554,11.7,8.0,8.6,6.3,16.5,51,4.1,4.1,0.0,0.0,,03/01/2016,Nuevo Los Cármenes
555,13.0,9.1,9.3,4.2,35.9,61,17.3,17.3,0.0,0.0,,03/01/2016,Riazor
556,16.6,10.2,12.9,6.7,28.9,61,3.0,3.0,0.0,0.0,,03/01/2016,Mestalla
557,10.7,3.8,5.5,0.3,26.5,53,1.0,1.0,0.0,0.0,,03/01/2016,Vallecas
558,11.3,7.2,7.0,1.8,28.1,53,6.1,6.1,0.0,0.0,,04/01/2016,El Molinón
559,16.5,12.1,14.8,10.5,15.5,3,0.0,0.0,0.0,0.0,,09/01/2016,Camp Nou
560,14.1,9.0,10.0,7.1,25.6,53,1.5,1.5,0.0,0.0,,09/01/2016,Coliseum Alfonso Pérez
561,20.5,12.8,17.0,10.8,22.8,3,0.0,0.0,0.0,0.0,,09/01/2016,Ciutat de València
562,10.3,8.1,7.2,3.9,22.7,61,7.7,7.7,0.0,0.0,,09/01/2016,Santiago Bernabéu
563,16.5,13.1,13.8,12.1,19.5,61,6.8,6.8,0.0,0.0,,09/01/2016,Ramón Sánchez Pizjuán
564,12.7,11.3,8.6,5.5,44.0,63,40.0,40.0,0.0,0.0,,10/01/2016,Balaídos
565,13.3,9.8,10.6,6.8,30.6,61,16.0,16.0,0.0,0.0,,10/01/2016,Ipurua
566,14.3,7.8,12.6,6.3,7.3,1,0.0,0.0,0.0,0.0,,10/01/2016,Gran Canaria
567,17.7,12.8,13.9,10.7,30.8,53,1.4,1.4,0.0,0.0,,10/01/2016,Anoeta
568,18.3,13.6,14.1,9.4,27.7,3,0.0,0.0,0.0,0.0,,10/01/2016,El Madrigal
569,12.2,5.5,10.0,1.7,18.7,3,0.0,0.0,0.0,0.0,,16/01/2016,Balaídos
570,14.4,7.4,9.3,2.6,22.2,0,0.0,0.0,0.0,0.0,,16/01/2016,Ramón Sánchez Pizjuán
571,14.4,7.4,9.3,2.4,22.9,0,0.0,0.0,0.0,0.0,,16/01/2016,Anoeta
572,12.0,7.2,5.8,1.8,24.8,0,0.0,0.0,0.0,0.0,,16/01/2016,El Madrigal
573,9.1,1.3,6.0,-2.0,15.5,3,0.0,0.0,0.0,0.0,,17/01/2016,Camp Nou
574,12.2,3.1,10.3,-0.3,12.9,51,0.1,0.1,0.0,0.0,,17/01/2016,Coliseum Alfonso Pérez
575,14.7,8.5,10.4,5.1,21.2,3,0.0,0.0,0.0,0.0,,17/01/2016,Gran Canaria
576,6.7,-2.6,3.4,-6.2,7.1,51,0.8,0.8,0.0,0.0,,17/01/2016,Santiago Bernabéu
577,12.8,4.0,9.6,0.3,9.7,3,0.0,0.0,0.0,0.0,,17/01/2016,Mestalla
578,9.4,6.6,5.9,2.1,27.4,61,8.2,8.2,0.0,0.0,,18/01/2016,Ipurua
579,16.6,9.5,17.0,7.6,12.5,53,2.4,2.4,0.0,0.0,,22/01/2016,El Molinón
580,16.7,7.0,15.9,5.5,9.4,3,0.0,0.0,0.0,0.0,,23/01/2016,RCDE Stadium
581,17.5,3.2,16.2,0.8,6.5,3,0.0,0.0,0.0,0.0,,23/01/2016,Nuevo Los Cármenes
582,17.0,10.8,16.3,10.3,9.6,3,0.0,0.0,0.0,0.0,,23/01/2016,La Rosaleda
583,15.9,2.7,14.3,0.2,8.2,3,0.0,0.0,0.0,0.0,,23/01/2016,Vallecas
584,18.9,9.5,16.8,7.0,20.6,2,0.0,0.0,0.0,0.0,,24/01/2016,San Mamés
585,16.2,3.8,15.0,1.5,6.0,3,0.0,0.0,0.0,0.0,,24/01/2016,Vicente Calderón
586,20.9,9.8,21.0,8.4,9.4,3,0.0,0.0,0.0,0.0,,24/01/2016,Benito Villamarín
587,18.3,10.4,16.2,8.3,22.9,3,0.0,0.0,0.0,0.0,,24/01/2016,Riazor
588,17.0,10.3,15.7,9.7,11.7,3,0.0,0.0,0.0,0.0,,25/01/2016,Ciutat de València
589,15.1,8.1,12.8,7.1,13.7,3,0.0,0.0,0.0,0.0,,30/01/2016,Camp Nou
590,12.4,6.4,9.5,3.4,14.5,3,0.0,0.0,0.0,0.0,,30/01/2016,Ipurua
591,13.9,4.5,11.9,1.4,14.5,51,0.8,0.8,0.0,0.0,,30/01/2016,Coliseum Alfonso Pérez
592,17.4,5.6,16.2,3.4,9.6,3,0.0,0.0,0.0,0.0,,30/01/2016,Anoeta
593,16.7,8.3,13.9,6.3,14.4,3,0.0,0.0,0.0,0.0,,30/01/2016,El Madrigal
594,14.1,9.0,10.3,4.8,25.5,3,0.0,0.0,0.0,0.0,,31/01/2016,Gran Canaria
595,14.7,2.7,13.8,0.0,6.6,3,0.0,0.0,0.0,0.0,,31/01/2016,Santiago Bernabéu
596,18.3,6.3,17.1,3.9,12.1,2,0.0,0.0,0.0,0.0,,31/01/2016,Ramón Sánchez Pizjuán
597,23.5,10.8,21.7,6.6,20.9,3,0.0,0.0,0.0,0.0,,31/01/2016,Mestalla
598,11.2,8.2,10.4,7.2,6.3,3,0.0,0.0,0.0,0.0,,01/02/2016,Riazor
599,15.1,12.0,13.2,9.8,17.3,51,0.3,0.3,0.0,0.0,,05/02/2016,La Rosaleda
600,15.9,7.3,10.0,4.0,36.3,61,2.6,2.6,0.0,0.0,,06/02/2016,San Mamés
601,11.1,2.5,7.6,0.2,26.9,51,0.3,0.3,0.0,0.0,,06/02/2016,Vicente Calderón
602,14.4,3.5,10.0,0.2,29.7,61,4.9,4.9,0.0,0.0,,06/02/2016,El Molinón
603,12.8,6.0,9.9,3.9,12.7,3,0.0,0.0,0.0,0.0,,06/02/2016,Vallecas
604,15.8,10.0,12.4,8.1,25.7,53,2.9,2.9,0.0,0.0,,07/02/2016,Benito Villamarín
605,13.3,9.1,9.0,4.3,29.1,61,3.6,3.6,0.0,0.0,,07/02/2016,Balaídos
606,8.8,5.8,4.9,1.9,23.2,61,5.0,5.0,0.0,0.0,,07/02/2016,Nuevo Los Cármenes
607,17.5,12.9,11.7,7.3,36.3,51,0.3,0.3,0.0,0.0,,07/02/2016,Ciutat de València
608,17.9,5.2,15.5,2.1,13.5,3,0.0,0.0,0.0,0.0,,08/02/2016,RCDE Stadium
609,14.0,11.3,12.3,8.4,28.6,63,24.9,24.9,0.0,0.0,,12/02/2016,El Molinón
610,12.4,7.4,9.1,3.4,41.5,61,18.1,18.1,0.0,0.0,,13/02/2016,Riazor
611,12.9,10.9,9.5,7.2,26.8,53,1.3,1.3,0.0,0.0,,13/02/2016,Santiago Bernabéu
612,21.2,17.4,16.6,14.0,32.5,3,0.0,0.0,0.0,0.0,,13/02/2016,Mestalla
613,21.5,16.9,18.6,14.7,20.3,51,0.1,0.1,0.0,0.0,,13/02/2016,El Madrigal
614,14.1,8.5,12.5,5.8,23.4,55,1.7,1.7,0.0,0.0,,14/02/2016,Camp Nou
615,9.6,5.9,5.6,-0.0,42.4,63,16.1,16.1,0.0,0.0,,14/02/2016,Ipurua
616,10.0,6.8,6.1,0.8,47.5,63,17.9,17.9,0.0,0.0,,14/02/2016,Coliseum Alfonso Pérez
617,15.5,8.5,13.4,2.6,35.0,51,0.6,0.6,0.0,0.0,,14/02/2016,Ramón Sánchez Pizjuán
618,15.5,8.5,13.2,2.7,37.2,53,1.7,1.7,0.0,0.0,,14/02/2016,Anoeta
619,10.9,-1.2,8.0,-5.4,23.8,53,4.0,4.0,0.0,0.0,,17/02/2016,El Molinón
620,13.7,8.1,10.4,5.8,13.7,3,0.0,0.0,0.0,0.0,,19/02/2016,Ciutat de València
621,18.9,6.8,15.9,3.4,16.5,2,0.0,0.0,0.0,0.0,,20/02/2016,Benito Villamarín
622,16.0,8.7,14.4,7.0,17.3,3,0.0,0.0,0.0,0.0,,20/02/2016,Balaídos
623,15.3,4.5,12.6,2.0,10.6,3,0.0,0.0,0.0,0.0,,20/02/2016,RCDE Stadium
624,6.9,2.9,2.2,-3.3,33.7,55,14.0,14.0,0.0,0.0,,20/02/2016,Gran Canaria
625,15.2,5.9,14.0,2.9,13.1,2,0.0,0.0,0.0,0.0,,21/02/2016,San Mamés
626,14.1,-1.1,11.3,-5.0,9.2,0,0.0,0.0,0.0,0.0,,21/02/2016,Vicente Calderón
627,16.2,1.5,13.1,-2.2,12.7,0,0.0,0.0,0.0,0.0,,21/02/2016,Nuevo Los Cármenes
628,16.6,9.7,14.7,7.8,20.2,2,0.0,0.0,0.0,0.0,,21/02/2016,La Rosaleda
629,18.2,-0.2,14.8,-3.6,12.1,3,0.0,0.0,0.0,0.0,,21/02/2016,Vallecas
630,13.1,5.7,10.1,2.2,18.6,75,11.6,10.3,0.0,0.91,,26/02/2016,Ipurua
631,12.0,5.7,6.7,1.6,23.2,51,0.1,0.1,0.0,0.0,,27/02/2016,Benito Villamarín
632,8.2,6.3,3.7,-0.6,43.9,63,33.6,33.6,0.0,0.0,,27/02/2016,Coliseum Alfonso Pérez
633,6.9,1.2,0.6,-3.3,23.2,71,1.8,1.6,0.0,0.14,,27/02/2016,Santiago Bernabéu
634,12.7,6.3,7.3,2.0,25.9,3,0.0,0.0,0.0,0.0,,27/02/2016,Anoeta
635,7.4,3.0,2.9,-2.8,34.6,71,24.6,24.5,0.0,0.07,,27/02/2016,El Molinón
636,12.4,7.3,8.5,2.4,28.9,53,3.0,3.0,0.0,0.0,,28/02/2016,Camp Nou
637,7.6,4.3,3.2,0.5,22.3,53,4.0,4.0,0.0,0.0,,28/02/2016,Riazor
638,15.1,8.2,11.4,2.6,31.0,51,1.0,1.0,0.0,0.0,,28/02/2016,Mestalla
639,14.2,7.4,10.6,4.3,24.0,53,2.0,2.0,0.0,0.0,,28/02/2016,El Madrigal
640,14.5,-0.8,11.3,-4.2,7.7,3,0.0,0.0,0.0,0.0,,01/03/2016,Vicente Calderón
641,11.2,6.6,7.8,1.1,27.6,3,0.0,0.0,0.0,0.0,,01/03/2016,Gran Canaria
642,11.1,7.8,8.3,2.8,31.1,53,9.8,9.8,0.0,0.0,,02/03/2016,San Mamés
643,13.5,10.2,11.4,7.2,21.4,53,3.4,3.4,0.0,0.0,,02/03/2016,Balaídos
644,24.7,10.2,20.9,6.0,25.7,2,0.0,0.0,0.0,0.0,,02/03/2016,Ciutat de València
645,21.9,9.9,19.3,7.0,15.5,0,0.0,0.0,0.0,0.0,,02/03/2016,La Rosaleda
646,21.9,5.0,19.9,2.6,9.7,1,0.0,0.0,0.0,0.0,,02/03/2016,Ramón Sánchez Pizjuán
647,18.1,9.1,14.1,5.0,22.5,51,0.3,0.3,0.0,0.0,,03/03/2016,RCDE Stadium
648,14.6,4.7,13.0,2.4,10.1,3,0.0,0.0,0.0,0.0,,03/03/2016,Nuevo Los Cármenes
649,13.9,4.5,7.3,-1.2,30.0,3,0.0,0.0,0.0,0.0,,03/03/2016,Vallecas
650,9.3,6.3,4.4,0.0,36.9,61,22.3,22.3,0.0,0.0,,05/03/2016,Coliseum Alfonso Pérez
651,7.7,4.3,4.5,0.1,20.1,53,12.3,12.3,0.0,0.0,,05/03/2016,Riazor
652,9.0,0.6,4.4,-3.5,16.6,51,0.2,0.2,0.0,0.0,,05/03/2016,Santiago Bernabéu
653,17.5,9.3,13.5,5.5,17.2,3,0.0,0.0,0.0,0.0,,05/03/2016,El Madrigal
654,16.1,4.0,12.9,1.3,15.4,3,0.0,0.0,0.0,0.0,,06/03/2016,Benito Villamarín
655,7.6,4.5,3.8,-0.1,23.9,55,17.4,17.4,0.0,0.0,,06/03/2016,Ipurua
656,16.8,6.5,13.2,3.5,16.6,2,0.0,0.0,0.0,0.0,,06/03/2016,Anoeta
657,8.9,3.9,4.8,-0.3,24.5,55,16.6,16.6,0.0,0.0,,06/03/2016,El Molinón
658,17.6,8.9,12.8,3.6,23.6,3,0.0,0.0,0.0,0.0,,06/03/2016,Mestalla
659,13.1,6.2,12.1,4.2,13.6,51,0.1,0.1,0.0,0.0,,07/03/2016,RCDE Stadium
660,15.5,9.0,14.0,6.0,16.7,2,0.0,0.0,0.0,0.0,,11/03/2016,La Rosaleda
661,12.9,-2.1,10.3,-5.4,10.0,3,0.0,0.0,0.0,0.0,,12/03/2016,Vicente Calderón
662,14.3,5.1,12.6,2.6,16.8,2,0.0,0.0,0.0,0.0,,12/03/2016,Camp Nou
663,14.1,5.7,13.7,2.6,15.1,3,0.0,0.0,0.0,0.0,,12/03/2016,Balaídos
664,13.6,1.8,11.8,-1.5,10.9,2,0.0,0.0,0.0,0.0,,12/03/2016,Vallecas
665,10.3,6.5,6.7,3.4,17.1,51,0.8,0.8,0.0,0.0,,13/03/2016,San Mamés
666,13.6,7.3,12.7,4.2,14.5,3,0.0,0.0,0.0,0.0,,13/03/2016,Gran Canaria
667,17.3,5.4,15.2,3.2,24.0,3,0.0,0.0,0.0,0.0,,13/03/2016,Ciutat de València
668,20.2,4.9,19.0,2.6,14.1,1,0.0,0.0,0.0,0.0,,13/03/2016,Ramón Sánchez Pizjuán
669,13.5,0.8,9.7,-2.5,12.7,3,0.0,0.0,0.0,0.0,,14/03/2016,Nuevo Los Cármenes
670,12.4,6.8,8.1,3.5,22.0,51,1.0,1.0,0.0,0.0,,18/03/2016,Coliseum Alfonso Pérez
671,17.6,11.0,14.8,9.8,20.0,61,3.7,3.7,0.0,0.0,,19/03/2016,Benito Villamarín
672,11.8,4.6,9.0,2.5,13.3,55,4.7,4.7,0.0,0.0,,19/03/2016,Nuevo Los Cármenes
673,13.1,6.6,12.2,4.6,10.5,61,9.7,9.7,0.0,0.0,,19/03/2016,Riazor
674,18.3,11.1,15.4,10.1,21.3,55,3.3,3.3,0.0,0.0,,19/03/2016,Anoeta
675,12.7,4.3,11.3,1.7,12.7,61,4.0,4.0,0.0,0.0,,19/03/2016,El Molinón
676,15.7,11.8,15.1,11.0,11.0,53,2.4,2.4,0.0,0.0,,20/03/2016,RCDE Stadium
677,12.3,2.5,10.8,0.5,7.9,51,0.4,0.4,0.0,0.0,,20/03/2016,Santiago Bernabéu
678,17.6,7.2,17.1,5.5,19.8,51,0.6,0.6,0.0,0.0,,20/03/2016,Mestalla
679,14.9,7.3,14.4,5.6,10.6,53,0.5,0.5,0.0,0.0,,20/03/2016,El Madrigal
680,12.3,5.7,10.3,3.2,10.0,61,7.7,7.7,0.0,0.0,,01/04/2016,Vallecas
681,16.0,-0.1,12.5,-3.6,15.0,3,0.0,0.0,0.0,0.0,,02/04/2016,Vicente Calderón
682,16.0,9.0,15.2,7.7,12.7,3,0.0,0.0,0.0,0.0,,02/04/2016,Camp Nou
683,12.2,7.7,7.6,5.4,34.6,61,6.7,6.7,0.0,0.0,,02/04/2016,Balaídos
684,11.4,6.2,7.9,2.4,18.1,3,0.0,0.0,0.0,0.0,,02/04/2016,Gran Canaria
685,15.4,10.4,12.4,7.1,20.2,61,2.2,2.2,0.0,0.0,,03/04/2016,San Mamés
686,15.4,10.1,12.5,6.2,20.0,61,2.2,2.2,0.0,0.0,,03/04/2016,Ipurua
687,19.8,9.5,18.8,9.0,13.7,51,0.2,0.2,0.0,0.0,,03/04/2016,La Rosaleda
688,19.5,8.7,17.0,7.1,17.2,51,1.0,1.0,0.0,0.0,,03/04/2016,Ramón Sánchez Pizjuán
689,22.2,12.1,20.2,10.9,14.9,53,3.9,3.9,0.0,0.0,,04/04/2016,Ciutat de València
690,12.4,6.2,9.4,3.1,18.2,3,0.0,0.0,0.0,0.0,,08/04/2016,Nuevo Los Cármenes
691,21.2,10.1,20.2,8.1,15.3,1,0.0,0.0,0.0,0.0,,09/04/2016,Benito Villamarín
692,19.1,8.7,17.5,4.9,17.6,3,0.0,0.0,0.0,0.0,,09/04/2016,RCDE Stadium
693,15.7,0.7,12.8,-2.4,16.9,3,0.0,0.0,0.0,0.0,,09/04/2016,Santiago Bernabéu
694,22.2,7.9,20.9,5.5,16.8,1,0.0,0.0,0.0,0.0,,09/04/2016,Anoeta
695,17.8,8.9,13.5,6.1,27.7,51,0.5,0.5,0.0,0.0,,10/04/2016,San Mamés
696,13.0,4.3,11.0,1.3,25.1,53,1.6,1.6,0.0,0.0,,10/04/2016,El Molinón
697,21.9,8.5,20.1,6.8,20.0,2,0.0,0.0,0.0,0.0,,10/04/2016,Mestalla
698,18.4,7.6,17.2,6.1,22.9,2,0.0,0.0,0.0,0.0,,10/04/2016,El Madrigal
699,10.9,2.4,5.3,-1.1,32.1,73,6.4,5.9,0.0,0.35,,11/04/2016,Riazor
700,23.7,11.3,21.8,10.4,19.6,3,0.0,0.0,0.0,0.0,,15/04/2016,Ciutat de València
701,13.1,11.1,10.8,8.3,25.1,61,21.9,21.9,0.0,0.0,,16/04/2016,Balaídos
702,16.3,10.8,16.6,8.7,17.2,55,4.3,4.3,0.0,0.0,,16/04/2016,Ipurua
703,16.3,7.7,16.4,6.5,16.1,61,11.2,11.2,0.0,0.0,,16/04/2016,Coliseum Alfonso Pérez
704,15.8,8.1,16.5,6.9,5.4,3,0.0,0.0,0.0,0.0,,16/04/2016,Gran Canaria
705,15.6,7.8,12.6,5.5,14.8,51,0.1,0.1,0.0,0.0,,17/04/2016,Vicente Calderón
706,20.9,14.0,19.7,12.5,18.7,3,0.0,0.0,0.0,0.0,,17/04/2016,Camp Nou
707,21.1,12.5,20.5,12.4,8.7,51,0.8,0.8,0.0,0.0,,17/04/2016,La Rosaleda
708,21.5,12.6,20.5,12.6,10.4,51,0.4,0.4,0.0,0.0,,17/04/2016,Ramón Sánchez Pizjuán
709,19.8,11.5,17.1,10.4,19.9,3,0.0,0.0,0.0,0.0,,17/04/2016,Vallecas
710,18.1,13.8,18.8,12.3,16.0,61,9.8,9.8,0.0,0.0,,19/04/2016,Benito Villamarín
711,20.2,11.0,19.7,9.5,16.9,3,0.0,0.0,0.0,0.0,,19/04/2016,RCDE Stadium
712,19.1,12.1,16.7,8.8,20.9,55,1.7,1.7,0.0,0.0,,20/04/2016,San Mamés
713,16.6,7.3,14.4,5.5,15.3,51,0.3,0.3,0.0,0.0,,20/04/2016,Riazor
714,16.5,13.2,15.9,12.7,16.5,55,11.0,11.0,0.0,0.0,,20/04/2016,La Rosaleda
715,12.6,7.4,10.7,5.1,11.9,61,14.7,14.7,0.0,0.0,,20/04/2016,Santiago Bernabéu
716,16.2,10.2,17.6,9.2,11.3,63,32.0,32.0,0.0,0.0,,20/04/2016,El Molinón
717,18.8,13.2,17.2,9.3,24.0,51,0.9,0.9,0.0,0.0,,20/04/2016,Mestalla
718,16.7,5.3,16.1,3.1,9.7,3,0.0,0.0,0.0,0.0,,21/04/2016,Nuevo Los Cármenes
719,19.6,9.3,20.0,8.3,7.9,51,0.6,0.6,0.0,0.0,,21/04/2016,Anoeta
720,17.6,8.3,17.4,6.8,13.6,3,0.0,0.0,0.0,0.0,,22/04/2016,Gran Canaria
721,16.5,6.0,15.3,4.5,13.5,53,3.3,3.3,0.0,0.0,,23/04/2016,Vicente Calderón
722,17.7,9.4,19.7,8.3,15.3,61,5.6,5.6,0.0,0.0,,23/04/2016,Camp Nou
723,12.7,8.4,11.5,7.1,15.4,51,1.3,1.3,0.0,0.0,,23/04/2016,Ipurua
724,20.8,7.3,19.5,5.2,12.0,53,1.2,1.2,0.0,0.0,,23/04/2016,Vallecas
725,13.0,8.7,10.5,6.6,17.6,53,3.5,3.5,0.0,0.0,,24/04/2016,Coliseum Alfonso Pérez
726,24.1,13.2,23.1,10.6,20.2,0,0.0,0.0,0.0,0.0,,24/04/2016,Ciutat de València
727,24.6,12.3,25.1,11.2,10.7,3,0.0,0.0,0.0,0.0,,24/04/2016,Ramón Sánchez Pizjuán
728,21.5,13.2,22.1,10.0,14.6,0,0.0,0.0,0.0,0.0,,24/04/2016,El Madrigal
729,17.8,9.3,19.2,7.4,15.3,3,0.0,0.0,0.0,0.0,,25/04/2016,Balaídos
730,12.7,6.5,11.4,3.7,14.8,3,0.0,0.0,0.0,0.0,,29/04/2016,El Molinón
731,16.6,6.2,14.4,4.4,16.9,51,0.4,0.4,0.0,0.0,,30/04/2016,Vicente Calderón
732,25.0,14.2,25.5,14.5,8.7,51,0.3,0.3,0.0,0.0,,30/04/2016,Benito Villamarín
733,18.2,11.2,17.5,10.3,10.6,51,1.3,1.3,0.0,0.0,,30/04/2016,Nuevo Los Cármenes
734,25.4,14.8,25.9,15.4,7.4,51,0.4,0.4,0.0,0.0,,30/04/2016,Anoeta
735,12.0,8.0,9.4,5.1,16.0,51,0.3,0.3,0.0,0.0,,01/05/2016,San Mamés
736,18.9,8.8,16.5,7.1,16.6,3,0.0,0.0,0.0,0.0,,01/05/2016,RCDE Stadium
737,15.9,2.5,14.4,-0.8,17.1,0,0.0,0.0,0.0,0.0,,01/05/2016,Riazor
738,21.1,10.5,18.0,6.2,16.4,1,0.0,0.0,0.0,0.0,,01/05/2016,Mestalla
739,18.6,14.2,17.4,12.3,17.3,51,0.2,0.2,0.0,0.0,,02/05/2016,La Rosaleda
740,17.8,12.7,17.0,10.7,16.8,51,0.7,0.7,0.0,0.0,,08/05/2016,Camp Nou
741,15.4,12.8,12.2,8.8,33.5,61,9.2,9.2,0.0,0.0,,08/05/2016,Balaídos
742,19.0,14.5,17.0,9.5,35.1,53,1.8,1.8,0.0,0.0,,08/05/2016,Ipurua
743,22.4,16.5,19.9,13.3,25.1,51,0.2,0.2,0.0,0.0,,08/05/2016,Coliseum Alfonso Pérez
744,15.8,8.3,15.2,6.6,12.7,53,1.9,1.9,0.0,0.0,,08/05/2016,Gran Canaria
745,20.5,15.3,18.3,14.6,24.0,51,3.1,3.1,0.0,0.0,,08/05/2016,Ciutat de València
746,12.6,9.3,11.3,7.2,21.2,63,29.9,29.9,0.0,0.0,,08/05/2016,Santiago Bernabéu
747,19.3,13.9,18.8,11.5,28.2,63,40.6,40.6,0.0,0.0,,08/05/2016,Ramón Sánchez Pizjuán
748,19.3,13.9,18.5,11.3,29.6,63,39.8,39.8,0.0,0.0,,08/05/2016,Anoeta
749,17.5,13.9,16.8,12.8,20.1,53,4.3,4.3,0.0,0.0,,08/05/2016,El Madrigal
750,23.6,14.5,23.4,10.6,24.0,51,0.5,0.5,0.0,0.0,,13/05/2016,Mestalla
751,16.0,12.7,14.2,10.6,19.0,51,2.6,2.6,0.0,0.0,,14/05/2016,San Mamés
752,18.1,7.0,15.7,5.1,9.2,51,0.2,0.2,0.0,0.0,,14/05/2016,Vicente Calderón
753,15.4,7.3,12.7,5.4,11.5,51,0.1,0.1,0.0,0.0,,14/05/2016,Nuevo Los Cármenes
754,14.2,11.1,12.8,9.9,15.5,53,3.1,3.1,0.0,0.0,,14/05/2016,Riazor
755,24.2,12.7,24.2,12.4,8.3,1,0.0,0.0,0.0,0.0,,15/05/2016,Benito Villamarín
756,21.3,13.8,22.3,13.5,14.1,3,0.0,0.0,0.0,0.0,,15/05/2016,RCDE Stadium
757,22.6,13.8,25.3,12.7,10.8,1,0.0,0.0,0.0,0.0,,15/05/2016,La Rosaleda
758,16.2,11.7,16.1,10.9,12.3,53,3.2,3.2,0.0,0.0,,15/05/2016,El Molinón
759,22.1,10.5,21.9,9.2,16.1,51,0.5,0.5,0.0,0.0,,15/05/2016,Vallecas
760,22.7,15.2,23.6,14.3,21.4,61,3.4,3.4,0.0,0.0,,19/08/2016,Riazor
761,34.9,24.8,37.4,24.9,12.0,0,0.0,0.0,0.0,0.0,,19/08/2016,La Rosaleda
762,27.8,22.1,31.0,24.5,17.1,51,0.7,0.7,0.0,0.0,,20/08/2016,Camp Nou
763,32.2,21.1,31.7,20.1,13.6,1,0.0,0.0,0.0,0.0,,20/08/2016,Nuevo Los Cármenes
764,36.4,24.8,36.8,26.1,15.6,0,0.0,0.0,0.0,0.0,,20/08/2016,Ramón Sánchez Pizjuán
765,31.7,17.9,32.9,15.4,20.4,3,0.0,0.0,0.0,0.0,,21/08/2016,Vicente Calderón
766,37.3,22.6,36.8,20.3,13.6,0,0.0,0.0,0.0,0.0,,21/08/2016,Anoeta
767,23.0,15.3,24.1,15.2,17.4,2,0.0,0.0,0.0,0.0,,21/08/2016,El Molinón
768,26.3,17.6,29.3,18.2,12.3,0,0.0,0.0,0.0,0.0,,22/08/2016,Balaídos
769,30.6,23.2,33.3,26.8,20.1,1,0.0,0.0,0.0,0.0,,22/08/2016,Mestalla
770,38.2,23.0,39.0,22.5,13.2,2,0.0,0.0,0.0,0.0,,26/08/2016,Benito Villamarín
771,28.3,20.1,32.0,22.8,13.9,2,0.0,0.0,0.0,0.0,,26/08/2016,RCDE Stadium
772,30.7,17.5,33.5,18.3,19.0,3,0.0,0.0,0.0,0.0,,27/08/2016,Ipurua
773,35.0,20.8,34.0,20.3,15.1,2,0.0,0.0,0.0,0.0,,27/08/2016,Butarque
774,32.7,18.5,32.3,17.5,15.0,2,0.0,0.0,0.0,0.0,,27/08/2016,El Sadar
775,33.9,19.9,32.4,19.6,14.8,1,0.0,0.0,0.0,0.0,,27/08/2016,Santiago Bernabéu
776,22.7,16.5,22.9,17.6,16.6,51,0.7,0.7,0.0,0.0,,28/08/2016,Mendizorrotza
777,23.0,18.2,23.1,19.3,18.0,51,0.8,0.8,0.0,0.0,,28/08/2016,San Mamés
778,23.6,13.4,23.3,12.2,19.1,51,0.2,0.2,0.0,0.0,,28/08/2016,Gran Canaria
779,28.9,21.6,32.8,24.7,15.6,2,0.0,0.0,0.0,0.0,,28/08/2016,Estadio de la Cerámica
780,32.4,21.3,30.1,20.2,12.9,0,0.0,0.0,0.0,0.0,,09/09/2016,Anoeta
781,27.0,20.9,30.9,23.6,12.0,61,4.2,4.2,0.0,0.0,,10/09/2016,Camp Nou
782,21.1,16.1,22.3,17.3,11.9,3,0.0,0.0,0.0,0.0,,10/09/2016,Balaídos
783,31.3,22.0,33.7,21.9,10.4,1,0.0,0.0,0.0,0.0,,10/09/2016,La Rosaleda
784,30.8,18.4,30.3,17.8,7.8,3,0.0,0.0,0.0,0.0,,10/09/2016,Santiago Bernabéu
785,33.8,19.9,34.2,20.7,14.1,1,0.0,0.0,0.0,0.0,,10/09/2016,Ramón Sánchez Pizjuán
786,30.6,16.9,29.9,15.1,9.7,3,0.0,0.0,0.0,0.0,,11/09/2016,Nuevo Los Cármenes
787,26.5,16.4,27.7,18.2,11.9,3,0.0,0.0,0.0,0.0,,11/09/2016,Riazor
788,25.4,16.7,28.2,18.1,7.9,3,0.0,0.0,0.0,0.0,,11/09/2016,El Molinón
789,30.5,22.1,31.9,25.6,17.2,1,0.0,0.0,0.0,0.0,,11/09/2016,Mestalla
790,28.7,15.0,27.7,14.3,11.0,0,0.0,0.0,0.0,0.0,,16/09/2016,Benito Villamarín
791,22.9,10.7,21.1,9.5,13.3,3,0.0,0.0,0.0,0.0,,17/09/2016,Vicente Calderón
792,16.1,14.2,14.3,12.4,19.2,51,4.9,4.9,0.0,0.0,,17/09/2016,Ipurua
793,19.2,13.7,17.1,11.5,23.7,3,0.0,0.0,0.0,0.0,,17/09/2016,Gran Canaria
794,23.9,10.9,22.4,9.7,13.5,3,0.0,0.0,0.0,0.0,,17/09/2016,Butarque
795,18.0,14.8,16.8,13.8,15.2,51,1.6,1.6,0.0,0.0,,18/09/2016,San Mamés
796,22.8,16.9,22.7,17.7,12.8,61,7.0,7.0,0.0,0.0,,18/09/2016,RCDE Stadium
797,16.7,11.1,14.0,9.7,21.0,3,0.0,0.0,0.0,0.0,,18/09/2016,El Sadar
798,25.1,17.8,24.2,16.0,14.7,3,0.0,0.0,0.0,0.0,,18/09/2016,Estadio de la Cerámica
799,17.2,10.3,16.2,9.6,10.9,3,0.0,0.0,0.0,0.0,,19/09/2016,Mendizorrotza
800,26.0,18.7,28.5,21.1,11.3,51,0.1,0.1,0.0,0.0,,20/09/2016,La Rosaleda
801,31.4,18.5,30.2,20.9,19.1,3,0.0,0.0,0.0,0.0,,20/09/2016,Ramón Sánchez Pizjuán
802,23.3,15.5,23.5,16.0,13.8,51,0.2,0.2,0.0,0.0,,21/09/2016,Camp Nou
803,19.3,14.3,19.3,14.1,19.1,3,0.0,0.0,0.0,0.0,,21/09/2016,Balaídos
804,27.3,11.9,25.6,10.4,10.4,2,0.0,0.0,0.0,0.0,,21/09/2016,Nuevo Los Cármenes
805,26.6,11.5,23.2,9.9,14.3,0,0.0,0.0,0.0,0.0,,21/09/2016,Santiago Bernabéu
806,30.9,16.2,30.3,17.6,14.6,3,0.0,0.0,0.0,0.0,,21/09/2016,Anoeta
807,20.1,13.9,19.5,14.1,12.4,51,0.3,0.3,0.0,0.0,,22/09/2016,Riazor
808,25.1,13.7,24.7,13.8,12.2,3,0.0,0.0,0.0,0.0,,22/09/2016,El Sadar
809,27.9,18.9,29.2,21.1,12.8,3,0.0,0.0,0.0,0.0,,22/09/2016,Mestalla
810,29.8,15.4,30.8,16.3,9.9,1,0.0,0.0,0.0,0.0,,23/09/2016,Benito Villamarín
811,25.8,16.4,27.9,15.6,16.2,3,0.0,0.0,0.0,0.0,,24/09/2016,San Mamés
812,25.3,16.1,26.5,15.6,17.3,3,0.0,0.0,0.0,0.0,,24/09/2016,Ipurua
813,19.3,13.5,16.8,10.4,26.5,1,0.0,0.0,0.0,0.0,,24/09/2016,Gran Canaria
814,22.9,11.8,25.0,11.1,11.6,53,0.6,0.6,0.0,0.0,,24/09/2016,El Molinón
815,26.5,13.0,25.6,11.2,7.4,3,0.0,0.0,0.0,0.0,,25/09/2016,Vicente Calderón
816,24.6,18.3,27.0,20.2,10.9,61,5.1,5.1,0.0,0.0,,25/09/2016,RCDE Stadium
817,26.7,14.1,25.1,12.3,8.4,3,0.0,0.0,0.0,0.0,,25/09/2016,Butarque
818,24.7,19.0,26.0,20.6,11.3,61,3.5,3.5,0.0,0.0,,25/09/2016,Estadio de la Cerámica
819,22.4,11.4,22.0,11.6,12.4,3,0.0,0.0,0.0,0.0,,26/09/2016,Mendizorrotza
820,31.3,19.8,30.4,18.5,13.0,3,0.0,0.0,0.0,0.0,,30/09/2016,Anoeta
821,25.5,11.7,23.5,10.9,11.3,3,0.0,0.0,0.0,0.0,,01/10/2016,Nuevo Los Cármenes
822,17.0,9.8,15.2,9.3,11.8,3,0.0,0.0,0.0,0.0,,01/10/2016,Riazor
823,18.1,13.9,18.5,12.8,18.1,51,0.4,0.4,0.0,0.0,,01/10/2016,El Sadar
824,30.8,19.3,30.2,20.7,15.5,3,0.0,0.0,0.0,0.0,,01/10/2016,Ramón Sánchez Pizjuán
825,18.1,11.6,18.3,10.9,10.6,3,0.0,0.0,0.0,0.0,,02/10/2016,Balaídos
826,23.9,18.8,26.1,20.2,10.6,51,0.4,0.4,0.0,0.0,,02/10/2016,RCDE Stadium
827,26.1,17.8,27.9,19.1,9.0,3,0.0,0.0,0.0,0.0,,02/10/2016,La Rosaleda
828,24.4,14.6,21.4,12.5,15.3,3,0.0,0.0,0.0,0.0,,02/10/2016,Santiago Bernabéu
829,26.0,18.1,28.6,20.0,12.1,3,0.0,0.0,0.0,0.0,,02/10/2016,Mestalla
830,15.9,10.7,14.2,8.8,13.1,51,0.1,0.1,0.0,0.0,,14/10/2016,Gran Canaria
831,18.6,7.7,15.8,6.6,12.1,2,0.0,0.0,0.0,0.0,,15/10/2016,Vicente Calderón
832,21.0,14.7,21.1,15.0,11.1,3,0.0,0.0,0.0,0.0,,15/10/2016,Camp Nou
833,23.6,9.9,23.6,8.8,7.2,0,0.0,0.0,0.0,0.0,,15/10/2016,Benito Villamarín
834,18.9,7.4,16.4,5.3,10.2,2,0.0,0.0,0.0,0.0,,15/10/2016,Butarque
835,20.8,8.9,18.6,6.8,14.0,51,0.1,0.1,0.0,0.0,,16/10/2016,Mendizorrotza
836,21.0,15.6,20.7,13.1,15.9,51,0.1,0.1,0.0,0.0,,16/10/2016,San Mamés
837,16.5,12.6,16.9,12.2,8.3,61,6.7,6.7,0.0,0.0,,16/10/2016,El Molinón
838,22.9,14.3,23.0,14.2,10.4,3,0.0,0.0,0.0,0.0,,16/10/2016,Estadio de la Cerámica
839,19.6,13.8,20.5,14.6,12.9,51,3.1,3.1,0.0,0.0,,17/10/2016,Ipurua
840,14.0,3.0,12.2,-0.2,12.5,0,0.0,0.0,0.0,0.0,,21/10/2016,El Sadar
841,17.0,14.1,17.7,14.3,14.2,63,15.8,15.8,0.0,0.0,,22/10/2016,RCDE Stadium
842,18.9,9.7,16.1,8.6,18.4,55,1.3,1.3,0.0,0.0,,22/10/2016,Nuevo Los Cármenes
843,20.5,17.9,20.8,17.8,25.6,63,10.3,10.3,0.0,0.0,,22/10/2016,Anoeta
844,22.6,16.2,23.7,17.3,10.2,51,1.6,1.6,0.0,0.0,,22/10/2016,Mestalla
845,16.6,13.5,14.6,9.9,33.3,63,31.3,31.3,0.0,0.0,,23/10/2016,Balaídos
846,20.4,17.9,21.3,18.7,13.4,63,11.7,11.7,0.0,0.0,,23/10/2016,La Rosaleda
847,15.1,11.3,13.5,10.0,23.7,61,14.5,14.5,0.0,0.0,,23/10/2016,Santiago Bernabéu
848,19.8,15.3,20.0,15.3,24.8,63,16.0,16.0,0.0,0.0,,23/10/2016,Ramón Sánchez Pizjuán
849,22.0,14.5,23.6,15.0,10.9,3,0.0,0.0,0.0,0.0,,23/10/2016,Estadio de la Cerámica
850,22.2,12.6,22.3,12.0,9.4,3,0.0,0.0,0.0,0.0,,28/10/2016,Butarque
851,23.5,6.2,22.2,3.7,9.7,0,0.0,0.0,0.0,0.0,,29/10/2016,Mendizorrotza
852,22.2,10.9,21.8,9.6,5.4,0,0.0,0.0,0.0,0.0,,29/10/2016,Vicente Calderón
853,21.4,11.2,21.9,10.5,9.2,2,0.0,0.0,0.0,0.0,,29/10/2016,Camp Nou
854,21.7,9.7,22.4,8.7,8.4,0,0.0,0.0,0.0,0.0,,29/10/2016,El Molinón
855,20.5,10.2,20.8,9.0,8.6,1,0.0,0.0,0.0,0.0,,30/10/2016,San Mamés
856,26.5,14.9,25.9,14.3,11.2,1,0.0,0.0,0.0,0.0,,30/10/2016,Benito Villamarín
857,19.9,8.1,20.1,6.5,7.6,1,0.0,0.0,0.0,0.0,,30/10/2016,Ipurua
858,18.2,11.6,17.7,10.6,9.5,2,0.0,0.0,0.0,0.0,,30/10/2016,Gran Canaria
859,22.3,8.9,22.7,7.0,10.6,3,0.0,0.0,0.0,0.0,,31/10/2016,Riazor
860,22.3,18.4,22.8,18.6,10.8,3,0.0,0.0,0.0,0.0,,04/11/2016,La Rosaleda
861,15.4,10.5,13.2,7.8,18.0,53,6.5,6.5,0.0,0.0,,05/11/2016,Nuevo Los Cármenes
862,13.0,8.6,12.9,7.3,13.1,53,4.1,4.1,0.0,0.0,,05/11/2016,Gran Canaria
863,12.1,7.3,10.9,5.0,16.6,63,17.3,17.3,0.0,0.0,,05/11/2016,El Sadar
864,19.6,15.4,19.7,15.0,20.5,61,8.1,8.1,0.0,0.0,,05/11/2016,Anoeta
865,13.1,9.6,9.7,6.7,18.6,51,0.4,0.4,0.0,0.0,,06/11/2016,Balaídos
866,16.1,10.7,15.7,8.3,13.8,55,11.5,11.5,0.0,0.0,,06/11/2016,RCDE Stadium
867,11.1,4.3,7.0,1.5,12.3,51,1.2,1.2,0.0,0.0,,06/11/2016,Santiago Bernabéu
868,17.8,9.5,15.4,7.4,12.6,3,0.0,0.0,0.0,0.0,,06/11/2016,Ramón Sánchez Pizjuán
869,18.9,13.3,15.6,10.1,17.3,51,0.6,0.6,0.0,0.0,,06/11/2016,Estadio de la Cerámica
870,20.0,6.0,18.0,4.2,8.7,3,0.0,0.0,0.0,0.0,,18/11/2016,Benito Villamarín
871,11.3,3.0,8.5,0.9,12.5,3,0.0,0.0,0.0,0.0,,19/11/2016,Vicente Calderón
872,14.7,10.8,13.9,9.7,11.2,51,0.2,0.2,0.0,0.0,,19/11/2016,Camp Nou
873,14.0,8.8,10.3,6.0,30.5,53,2.4,2.4,0.0,0.0,,19/11/2016,Ipurua
874,11.8,7.5,8.2,4.9,34.1,61,4.3,4.3,0.0,0.0,,19/11/2016,Riazor
875,12.8,7.9,9.0,3.6,25.3,53,2.2,2.2,0.0,0.0,,20/11/2016,Mendizorrotza
876,16.4,12.9,12.3,7.8,31.2,53,2.1,2.1,0.0,0.0,,20/11/2016,San Mamés
877,15.2,10.5,15.8,8.5,22.5,61,5.9,5.9,0.0,0.0,,20/11/2016,El Molinón
878,18.6,10.3,16.2,8.0,18.7,3,0.0,0.0,0.0,0.0,,20/11/2016,Mestalla
879,12.0,6.9,8.6,4.5,20.7,61,6.0,6.0,0.0,0.0,,21/11/2016,Butarque
880,11.5,5.4,7.7,2.0,15.4,51,0.2,0.2,0.0,0.0,,25/11/2016,Ipurua
881,15.0,9.5,13.3,8.0,17.0,61,7.5,7.5,0.0,0.0,,26/11/2016,RCDE Stadium
882,14.2,12.7,13.5,10.0,27.1,63,37.9,37.9,0.0,0.0,,26/11/2016,La Rosaleda
883,8.0,4.5,6.4,1.3,12.7,61,28.0,28.0,0.0,0.0,,26/11/2016,Santiago Bernabéu
884,14.8,11.7,14.5,11.3,15.3,63,11.8,11.8,0.0,0.0,,26/11/2016,Ramón Sánchez Pizjuán
885,14.6,8.3,13.3,6.1,10.7,51,0.1,0.1,0.0,0.0,,27/11/2016,Balaídos
886,14.3,6.9,12.5,4.4,13.2,53,2.5,2.5,0.0,0.0,,27/11/2016,El Sadar
887,14.0,9.5,13.6,7.4,14.0,61,14.4,14.4,0.0,0.0,,27/11/2016,Anoeta
888,14.0,11.4,12.1,10.0,21.5,61,19.2,19.2,0.0,0.0,,27/11/2016,Estadio de la Cerámica
889,11.1,7.3,9.2,4.8,11.6,51,0.3,0.3,0.0,0.0,,28/11/2016,Gran Canaria
890,12.1,3.0,10.2,0.5,12.0,51,0.1,0.1,0.0,0.0,,03/12/2016,Vicente Calderón
891,13.2,6.0,11.7,3.1,12.3,2,0.0,0.0,0.0,0.0,,03/12/2016,Camp Nou
892,13.4,6.0,11.5,4.1,13.0,61,5.5,5.5,0.0,0.0,,03/12/2016,Nuevo Los Cármenes
893,12.2,2.9,9.9,0.5,16.9,53,0.6,0.6,0.0,0.0,,03/12/2016,Butarque
894,11.1,4.8,7.6,1.5,21.5,51,0.5,0.5,0.0,0.0,,04/12/2016,Mendizorrotza
895,15.7,9.7,12.1,5.1,27.2,51,0.5,0.5,0.0,0.0,,04/12/2016,San Mamés
896,19.0,13.9,18.2,13.0,14.8,61,5.9,5.9,0.0,0.0,,04/12/2016,Benito Villamarín
897,17.2,7.2,16.6,4.8,7.4,3,0.0,0.0,0.0,0.0,,04/12/2016,El Molinón
898,15.1,12.3,13.6,11.6,22.2,61,9.5,9.5,0.0,0.0,,04/12/2016,Mestalla
899,16.6,6.5,16.6,4.2,9.8,1,0.0,0.0,0.0,0.0,,05/12/2016,Riazor
900,16.4,14.5,15.4,13.4,17.2,51,1.7,1.7,0.0,0.0,,09/12/2016,La Rosaleda
901,12.7,6.9,10.1,4.7,12.9,3,0.0,0.0,0.0,0.0,,10/12/2016,Gran Canaria
902,11.3,2.7,9.9,0.1,6.9,3,0.0,0.0,0.0,0.0,,10/12/2016,El Sadar
903,11.3,6.5,10.1,4.8,6.0,3,0.0,0.0,0.0,0.0,,10/12/2016,Santiago Bernabéu
904,18.4,10.4,18.2,8.9,9.9,0,0.0,0.0,0.0,0.0,,10/12/2016,Anoeta
905,18.4,9.5,18.1,8.2,8.8,1,0.0,0.0,0.0,0.0,,11/12/2016,Benito Villamarín
906,16.8,11.4,16.5,10.4,13.2,2,0.0,0.0,0.0,0.0,,11/12/2016,Balaídos
907,14.6,7.9,13.5,5.6,12.8,3,0.0,0.0,0.0,0.0,,11/12/2016,Ipurua
908,15.8,7.0,15.2,4.6,11.5,3,0.0,0.0,0.0,0.0,,11/12/2016,RCDE Stadium
909,15.1,6.6,13.9,4.5,6.7,3,0.0,0.0,0.0,0.0,,12/12/2016,Estadio de la Cerámica
910,8.4,4.8,6.8,1.7,13.7,53,3.1,3.1,0.0,0.0,,16/12/2016,Mendizorrotza
911,12.3,6.6,7.7,2.8,24.5,53,2.1,2.1,0.0,0.0,,17/12/2016,Vicente Calderón
912,9.9,3.4,6.1,0.2,20.8,61,10.6,10.6,0.0,0.0,,17/12/2016,Nuevo Los Cármenes
913,16.5,7.9,13.4,4.9,23.8,51,0.3,0.3,0.0,0.0,,17/12/2016,Ramón Sánchez Pizjuán
914,12.9,2.8,11.4,-0.0,11.8,3,0.0,0.0,0.0,0.0,,17/12/2016,El Molinón
915,12.5,8.3,8.9,4.9,19.1,1,0.0,0.0,0.0,0.0,,18/12/2016,Camp Nou
916,11.6,3.1,8.6,-0.1,13.0,1,0.0,0.0,0.0,0.0,,18/12/2016,Riazor
917,10.8,3.7,6.4,-0.9,18.5,3,0.0,0.0,0.0,0.0,,18/12/2016,Butarque
918,10.2,5.8,7.9,4.1,16.8,51,1.9,1.9,0.0,0.0,,19/12/2016,San Mamés
919,11.6,0.7,9.2,-3.9,13.2,3,0.0,0.0,0.0,0.0,,06/01/2017,RCDE Stadium
920,8.7,-1.9,5.6,-4.9,5.8,3,0.0,0.0,0.0,0.0,,07/01/2017,Ipurua
921,11.5,3.4,7.3,-2.3,16.7,3,0.0,0.0,0.0,0.0,,07/01/2017,Gran Canaria
922,8.7,-3.5,6.6,-7.5,8.4,0,0.0,0.0,0.0,0.0,,07/01/2017,Santiago Bernabéu
923,16.4,7.7,13.8,5.7,13.9,1,0.0,0.0,0.0,0.0,,07/01/2017,Anoeta
924,8.6,-0.4,6.3,-3.4,6.9,3,0.0,0.0,0.0,0.0,,08/01/2017,San Mamés
925,15.8,4.7,14.1,2.5,11.8,0,0.0,0.0,0.0,0.0,,08/01/2017,Benito Villamarín
926,13.7,0.7,12.4,-2.9,9.2,0,0.0,0.0,0.0,0.0,,08/01/2017,Balaídos
927,14.5,3.0,12.5,-0.3,10.8,2,0.0,0.0,0.0,0.0,,08/01/2017,Estadio de la Cerámica
928,8.7,0.2,3.9,-3.6,20.9,3,0.0,0.0,0.0,0.0,,09/01/2017,El Sadar
929,7.9,-1.6,2.4,-4.9,20.2,3,0.0,0.0,0.0,0.0,,14/01/2017,Vicente Calderón
930,10.5,2.7,6.1,-0.6,16.1,3,0.0,0.0,0.0,0.0,,14/01/2017,Camp Nou
931,8.2,0.3,4.5,-3.3,16.0,2,0.0,0.0,0.0,0.0,,14/01/2017,Riazor
932,8.0,-1.2,3.4,-4.8,17.1,3,0.0,0.0,0.0,0.0,,14/01/2017,Butarque
933,12.3,2.6,9.6,-0.2,14.8,2,0.0,0.0,0.0,0.0,,15/01/2017,Balaídos
934,8.3,-1.6,3.3,-6.1,18.2,0,0.0,0.0,0.0,0.0,,15/01/2017,Nuevo Los Cármenes
935,15.0,3.2,11.9,-0.4,12.7,0,0.0,0.0,0.0,0.0,,15/01/2017,Ramón Sánchez Pizjuán
936,8.5,5.3,6.0,2.8,14.0,53,4.8,4.8,0.0,0.0,,15/01/2017,El Molinón
937,15.6,6.6,10.5,1.4,28.7,3,0.0,0.0,0.0,0.0,,15/01/2017,Mestalla
938,18.1,10.2,14.8,6.6,17.4,0,0.0,0.0,0.0,0.0,,16/01/2017,La Rosaleda
939,9.5,0.7,7.5,-1.9,6.9,51,0.1,0.1,0.0,0.0,,20/01/2017,Gran Canaria
940,10.1,-1.5,7.1,-4.8,9.9,3,0.0,0.0,0.0,0.0,,21/01/2017,Mendizorrotza
941,10.8,8.0,6.1,3.0,30.5,61,6.6,6.6,0.0,0.0,,21/01/2017,RCDE Stadium
942,11.0,1.0,6.8,-2.9,18.0,53,1.3,1.3,0.0,0.0,,21/01/2017,Santiago Bernabéu
943,11.1,8.1,6.8,4.3,24.9,53,4.8,4.8,0.0,0.0,,21/01/2017,Estadio de la Cerámica
944,10.4,2.0,7.5,-0.6,12.9,51,0.2,0.2,0.0,0.0,,22/01/2017,San Mamés
945,14.4,0.9,11.1,-1.9,12.2,1,0.0,0.0,0.0,0.0,,22/01/2017,Benito Villamarín
946,10.1,2.0,7.2,-0.7,11.5,53,2.6,2.6,0.0,0.0,,22/01/2017,Ipurua
947,7.5,0.5,2.9,-3.4,22.4,3,0.0,0.0,0.0,0.0,,22/01/2017,El Sadar
948,15.7,3.9,12.7,1.2,12.4,2,0.0,0.0,0.0,0.0,,22/01/2017,Anoeta
949,8.5,3.4,5.6,-0.7,26.3,61,8.6,8.6,0.0,0.0,,27/01/2017,El Sadar
950,9.2,-0.8,5.2,-4.3,16.3,51,1.0,1.0,0.0,0.0,,28/01/2017,Mendizorrotza
951,11.9,2.3,9.0,-1.0,12.9,51,0.3,0.3,0.0,0.0,,28/01/2017,Ipurua
952,9.3,2.1,5.3,-2.6,20.8,3,0.0,0.0,0.0,0.0,,28/01/2017,Butarque
953,15.7,4.8,13.4,1.7,9.9,53,1.8,1.8,0.0,0.0,,28/01/2017,Estadio de la Cerámica
954,15.6,6.1,11.7,3.1,24.2,55,1.1,1.1,0.0,0.0,,29/01/2017,San Mamés
955,17.0,5.4,15.5,3.4,8.6,3,0.0,0.0,0.0,0.0,,29/01/2017,Benito Villamarín
956,13.4,3.1,10.9,-0.2,14.9,3,0.0,0.0,0.0,0.0,,29/01/2017,RCDE Stadium
957,7.2,2.1,5.2,-0.8,11.0,53,2.8,2.8,0.0,0.0,,29/01/2017,Santiago Bernabéu
958,12.3,0.3,10.0,-2.4,11.6,3,0.0,0.0,0.0,0.0,,30/01/2017,Gran Canaria
959,13.3,10.2,8.6,4.6,33.7,51,0.8,0.8,0.0,0.0,,04/02/2017,Vicente Calderón
960,17.9,9.6,13.7,6.4,30.8,51,0.2,0.2,0.0,0.0,,04/02/2017,Camp Nou
961,17.8,9.9,15.7,8.3,21.0,3,0.0,0.0,0.0,0.0,,04/02/2017,La Rosaleda
962,20.4,12.1,16.0,8.9,30.4,3,0.0,0.0,0.0,0.0,,04/02/2017,Mestalla
963,17.2,9.4,12.9,6.9,23.7,51,0.4,0.4,0.0,0.0,,05/02/2017,Ramón Sánchez Pizjuán
964,17.0,9.9,12.9,7.4,24.4,51,0.5,0.5,0.0,0.0,,05/02/2017,Anoeta
965,9.2,6.0,6.0,0.6,28.5,71,7.2,7.1,0.0,0.07,,05/02/2017,El Molinón
966,13.1,1.7,10.4,-1.5,10.5,3,0.0,0.0,0.0,0.0,,06/02/2017,Nuevo Los Cármenes
967,12.6,3.9,10.2,1.1,11.9,3,0.0,0.0,0.0,0.0,,10/02/2017,RCDE Stadium
968,7.3,3.0,3.7,0.3,15.5,51,1.4,1.4,0.0,0.0,,11/02/2017,Mendizorrotza
969,9.6,4.0,6.9,1.4,18.8,53,3.0,3.0,0.0,0.0,,11/02/2017,San Mamés
970,16.5,7.4,12.9,4.8,16.2,61,6.5,6.5,0.0,0.0,,11/02/2017,Benito Villamarín
971,9.5,-1.3,6.3,-4.6,11.2,55,3.9,3.9,0.0,0.0,,11/02/2017,El Sadar
972,10.7,5.4,7.6,3.0,29.1,61,10.8,10.8,0.0,0.0,,12/02/2017,Vicente Calderón
973,8.0,1.7,5.0,-0.9,29.4,61,19.9,19.9,0.0,0.0,,12/02/2017,Gran Canaria
974,9.8,5.5,6.8,2.4,30.6,61,13.5,13.5,0.0,0.0,,12/02/2017,Butarque
975,15.9,10.8,13.5,8.8,16.0,53,1.5,1.5,0.0,0.0,,12/02/2017,Estadio de la Cerámica
976,16.4,7.9,12.8,5.6,26.8,53,2.9,2.9,0.0,0.0,,13/02/2017,Ipurua
977,13.9,4.8,11.9,2.2,7.6,3,0.0,0.0,0.0,0.0,,17/02/2017,Nuevo Los Cármenes
978,10.5,4.7,8.6,2.0,13.3,63,11.3,11.3,0.0,0.0,,18/02/2017,Riazor
979,12.6,-0.8,10.8,-3.9,8.7,53,0.5,0.5,0.0,0.0,,18/02/2017,Santiago Bernabéu
980,18.5,6.7,18.3,5.1,13.5,51,0.1,0.1,0.0,0.0,,18/02/2017,Ramón Sánchez Pizjuán
981,11.8,6.5,10.8,4.2,9.9,53,4.4,4.4,0.0,0.0,,18/02/2017,El Molinón
982,16.3,8.8,14.0,6.2,17.0,3,0.0,0.0,0.0,0.0,,19/02/2017,Camp Nou
983,18.3,6.2,16.9,3.4,12.1,3,0.0,0.0,0.0,0.0,,19/02/2017,Balaídos
984,18.1,9.4,15.4,7.7,19.5,61,5.6,5.6,0.0,0.0,,19/02/2017,Anoeta
985,14.2,8.1,11.4,6.1,16.9,51,0.3,0.3,0.0,0.0,,19/02/2017,Mestalla
986,16.7,11.1,16.3,10.3,14.5,51,0.8,0.8,0.0,0.0,,20/02/2017,La Rosaleda
987,17.1,6.4,15.8,3.1,10.9,0,0.0,0.0,0.0,0.0,,22/02/2017,Mestalla
988,10.2,0.5,8.9,-2.3,8.4,3,0.0,0.0,0.0,0.0,,24/02/2017,Gran Canaria
989,16.1,0.1,14.5,-3.0,9.0,3,0.0,0.0,0.0,0.0,,25/02/2017,Mendizorrotza
990,18.1,10.6,17.2,9.6,13.6,3,0.0,0.0,0.0,0.0,,25/02/2017,Benito Villamarín
991,17.2,1.0,15.7,-2.0,9.7,3,0.0,0.0,0.0,0.0,,25/02/2017,Ipurua
992,16.6,0.9,13.8,-2.4,11.1,2,0.0,0.0,0.0,0.0,,25/02/2017,Butarque
993,14.5,6.6,13.8,4.2,11.5,3,0.0,0.0,0.0,0.0,,26/02/2017,San Mamés
994,15.2,2.2,12.7,-0.6,11.2,3,0.0,0.0,0.0,0.0,,26/02/2017,Vicente Calderón
995,15.1,4.9,13.5,2.3,15.9,3,0.0,0.0,0.0,0.0,,26/02/2017,RCDE Stadium
996,16.1,6.5,15.6,4.2,9.6,3,0.0,0.0,0.0,0.0,,26/02/2017,El Molinón
997,15.9,7.2,15.3,5.2,11.2,3,0.0,0.0,0.0,0.0,,26/02/2017,Estadio de la Cerámica
998,17.9,12.1,14.7,8.8,25.0,2,0.0,0.0,0.0,0.0,,28/02/2017,La Rosaleda
999,16.7,9.8,14.2,8.0,12.2,3,0.0,0.0,0.0,0.0,,28/02/2017,Anoeta
